id,group_id,anchor,title,label,tags,source,rationale,hash_score,onnx_score,hash_at_fpr_5,hash_at_fpr_10,hash_at_fpr_15,hash_at_fpr_20,hash_at_fpr_30,hash_at_fpr_40,hash_at_fpr_50,onnx_at_fpr_5,onnx_at_fpr_10,onnx_at_fpr_15,onnx_at_fpr_20,onnx_at_fpr_30,onnx_at_fpr_40,onnx_at_fpr_50
v2g01-dog-walk-training-01,v2g01-dog-walk-training,강아지 산책 훈련,강아지 산책 훈련 하는 법 총정리 : 네이버 블로그,OK,"lexical_overlap_ok,short_anchor",v2_generated,"The title repeats the goal phrase '강아지 산책 훈련' verbatim and promises a full how-to guide, directly matching the goal.",0.66332496,0.83279736,OK,OK,OK,OK,OK,OK,OK,OK,OK,OK,OK,OK,OK,OK
v2g01-dog-walk-training-02,v2g01-dog-walk-training,강아지 산책 훈련,짖음 심하고 낯가림 심한 강아지 사회화는 언제부터? - 네이버 지식iN,OK,"ko_semantic_no_overlap,short_anchor",v2_generated,"The post covers socialization timing for a barking, shy dog, which is core walk-training content, matching the goal's intent without reusing its exact wording.",0.15990054,0.43517322,DRIFT,DRIFT,DRIFT,DRIFT,DRIFT,OK,OK,DRIFT,DRIFT,DRIFT,DRIFT,DRIFT,OK,OK
v2g01-dog-walk-training-03,v2g01-dog-walk-training,강아지 산책 훈련,강아지 산책 필수템 하네스·리드줄 가격비교 | 다나와,DRIFT,"lexical_overlap_trap,short_anchor",v2_generated,"The title repeats '강아지 산책' verbatim, but the page is a gear price-comparison listing rather than training instruction.",0.19738551,0.52368078,DRIFT,DRIFT,DRIFT,DRIFT,DRIFT,OK,OK,DRIFT,DRIFT,DRIFT,OK,OK,OK,OK
v2g01-dog-walk-training-04,v2g01-dog-walk-training,강아지 산책 훈련,몰티즈 무료분양 후기 모음 - 네이버 카페,DRIFT,"same_frame_trap,short_anchor",v2_generated,"The post stays within the dog-ownership frame but concerns adoption, not walk-training technique.",0.00000000,0.24488392,DRIFT,DRIFT,DRIFT,DRIFT,DRIFT,DRIFT,DRIFT,DRIFT,DRIFT,DRIFT,DRIFT,DRIFT,DRIFT,DRIFT
v2g01-dog-walk-training-05,v2g01-dog-walk-training,강아지 산책 훈련,요즘 넷플릭스 볼만한 거 추천좀,DRIFT,"short_anchor,short_title",v2_generated,"It is a short streaming-recommendation request with no connection to dogs or walk-training, a clean topic drift.",0.00000000,0.17598573,DRIFT,DRIFT,DRIFT,DRIFT,DRIFT,DRIFT,DRIFT,DRIFT,DRIFT,DRIFT,DRIFT,DRIFT,DRIFT,DRIFT
v2g02-studio-interior-01,v2g02-studio-interior,자취방 인테리어,자취방 인테리어 아이디어 - Google 검색,OK,"lexical_overlap_ok,short_anchor,short_title",v2_generated,"This terse self-search contains the goal phrase almost verbatim, functioning as a short anchor query directly on-topic.",0.66143783,0.85202765,OK,OK,OK,OK,OK,OK,OK,OK,OK,OK,OK,OK,OK,OK
v2g02-studio-interior-02,v2g02-studio-interior,자취방 인테리어,"6평 원룸, 좁아도 넓어 보이게 배치하는 법",OK,"ko_semantic_no_overlap,short_anchor",v2_generated,This small-studio furniture-layout guide matches the decorating goal in meaning without repeating '자취방 인테리어' verbatim.,0.00000000,0.38917252,DRIFT,DRIFT,DRIFT,DRIFT,DRIFT,DRIFT,DRIFT,DRIFT,DRIFT,DRIFT,DRIFT,DRIFT,DRIFT,OK
v2g02-studio-interior-03,v2g02-studio-interior,자취방 인테리어,자취방 인테리어 소품 무료나눔 해요 - 당근,DRIFT,"lexical_overlap_trap,short_anchor",v2_generated,"The title uses the exact goal words, but the post is a free-giveaway listing rather than decorating guidance.",0.43355498,0.71149139,DRIFT,DRIFT,OK,OK,OK,OK,OK,OK,OK,OK,OK,OK,OK,OK
v2g02-studio-interior-04,v2g02-studio-interior,자취방 인테리어,다이소 신상 정리함 털어봤습니다 - YouTube,DRIFT,"same_frame_trap,short_anchor,short_title",v2_generated,This storage-bin haul video shares the home-organizing frame but offers no decor guidance toward the goal.,0.00000000,0.24270418,DRIFT,DRIFT,DRIFT,DRIFT,DRIFT,DRIFT,DRIFT,DRIFT,DRIFT,DRIFT,DRIFT,DRIFT,DRIFT,DRIFT
v2g02-studio-interior-05,v2g02-studio-interior,자취방 인테리어,잠잘 때 듣는 빗소리 ASMR 3시간 - YouTube,DRIFT,short_anchor,v2_generated,It is pure relaxation ASMR content with no connection to interior decorating.,0.00000000,0.22663917,DRIFT,DRIFT,DRIFT,DRIFT,DRIFT,DRIFT,DRIFT,DRIFT,DRIFT,DRIFT,DRIFT,DRIFT,DRIFT,DRIFT
v2g03-coffee-beans-01,v2g03-coffee-beans,커피 원두 추천,산미 없는 원두 추천 순위 TOP10 - 다음 카페,OK,"clickbait_ok,lexical_overlap_ok,short_anchor",v2_generated,"The title contains '원두 추천' verbatim and ranks low-acidity beans, directly serving the goal despite the listicle framing.",0.42884501,0.67843535,DRIFT,DRIFT,OK,OK,OK,OK,OK,OK,OK,OK,OK,OK,OK,OK
v2g03-coffee-beans-02,v2g03-coffee-beans,커피 원두 추천,Best Coffee Beans for Pour Over 2024 - Reddit,OK,"cross_lingual,short_anchor",v2_generated,"This English-language bean-recommendation thread carries the same intent as the Korean goal, natural for a coffee hobbyist searching cross-lingually.",0.00000000,0.48235084,DRIFT,DRIFT,DRIFT,DRIFT,DRIFT,DRIFT,DRIFT,DRIFT,DRIFT,DRIFT,DRIFT,OK,OK,OK
v2g03-coffee-beans-03,v2g03-coffee-beans,커피 원두 추천,원두커피 카페인 함량 하루 권장량은?,DRIFT,"lexical_overlap_trap,short_anchor,short_title",v2_generated,The title shares '원두' but discusses daily caffeine limits rather than which beans to buy.,0.26490647,0.65033319,DRIFT,DRIFT,DRIFT,DRIFT,OK,OK,OK,DRIFT,OK,OK,OK,OK,OK,OK
v2g03-coffee-beans-04,v2g03-coffee-beans,커피 원두 추천,스타벅스 2024 여름 신메뉴 프라푸치노 총정리,DRIFT,"same_frame_trap,short_anchor,short_title",v2_generated,"This stays within the coffee-shop frame but covers a seasonal drink menu, unrelated to choosing beans.",0.00000000,0.35553847,DRIFT,DRIFT,DRIFT,DRIFT,DRIFT,DRIFT,DRIFT,DRIFT,DRIFT,DRIFT,DRIFT,DRIFT,DRIFT,DRIFT
v2g03-coffee-beans-05,v2g03-coffee-beans,커피 원두 추천,제주도 3박4일 가족여행 코스 : 네이버 블로그,DRIFT,short_anchor,v2_generated,It is an unrelated travel-itinerary post with no connection to coffee beans.,-0.12598816,0.23196843,DRIFT,DRIFT,DRIFT,DRIFT,DRIFT,DRIFT,DRIFT,DRIFT,DRIFT,DRIFT,DRIFT,DRIFT,DRIFT,DRIFT
v2g04-honeymoon-prep-01,v2g04-honeymoon-prep,신혼여행 준비,신혼여행 조비물 체크리스트 - Google 검색,OK,"lexical_overlap_ok,short_anchor,short_title,typo_query",v2_generated,This self-search has a fat-finger typo ('조비물' for '준비물') but still contains '신혼여행' verbatim and targets packing prep.,0.34299717,0.68673198,DRIFT,DRIFT,DRIFT,OK,OK,OK,OK,OK,OK,OK,OK,OK,OK,OK
v2g04-honeymoon-prep-02,v2g04-honeymoon-prep,신혼여행 준비,허니문으로 몰디브 vs 발리 고민중이에요 - 네이버 지식iN,OK,"ko_semantic_no_overlap,short_anchor",v2_generated,"'허니문' is the semantic equivalent of '신혼여행,' and choosing a destination is part of trip preparation, matching the goal without its exact wording.",-0.06681531,0.23374186,DRIFT,DRIFT,DRIFT,DRIFT,DRIFT,DRIFT,DRIFT,DRIFT,DRIFT,DRIFT,DRIFT,DRIFT,DRIFT,DRIFT
v2g04-honeymoon-prep-03,v2g04-honeymoon-prep,신혼여행 준비,신혼여행 대신 혼자 떠난 제주 한달살기 후기,DRIFT,"lexical_overlap_trap,short_anchor",v2_generated,"The title contains '신혼여행' verbatim but describes a solo trip taken instead of one, off-goal despite the word overlap.",0.26726124,0.50783203,DRIFT,DRIFT,DRIFT,OK,OK,OK,OK,DRIFT,DRIFT,DRIFT,OK,OK,OK,OK
v2g04-honeymoon-prep-04,v2g04-honeymoon-prep,신혼여행 준비,결혼식 축의금 얼마가 적당할까요,DRIFT,"same_frame_trap,short_anchor,short_title",v2_generated,"This shares the wedding-life frame but concerns gift-money etiquette, unrelated to honeymoon-trip preparation.",0.00000000,0.34441451,DRIFT,DRIFT,DRIFT,DRIFT,DRIFT,DRIFT,DRIFT,DRIFT,DRIFT,DRIFT,DRIFT,DRIFT,DRIFT,DRIFT
v2g04-honeymoon-prep-05,v2g04-honeymoon-prep,신혼여행 준비,유럽 배낭여행 3주 경비 후기 - 브런치,DRIFT,short_anchor,v2_generated,It is a general Europe-backpacking budget post with no wedding or honeymoon connection.,0.07372098,0.37745194,DRIFT,DRIFT,DRIFT,DRIFT,DRIFT,DRIFT,OK,DRIFT,DRIFT,DRIFT,DRIFT,DRIFT,DRIFT,DRIFT
v2g05-car-maintenance-01,v2g05-car-maintenance,자동차 정기점검,"자동차 정기점검 항목 총정리, 셀프로 확인하는 법 : 네이버 블로그",OK,"lexical_overlap_ok,short_anchor",v2_generated,"The title contains the exact goal phrase '자동차 정기점검' and lists self-check items, directly serving the goal.",0.38575837,0.75219607,DRIFT,DRIFT,OK,OK,OK,OK,OK,OK,OK,OK,OK,OK,OK,OK
v2g05-car-maintenance-02,v2g05-car-maintenance,자동차 정기점검,(3) 엔진오일 언제 갈아야 하나요? 주행거리 기준 알려주세요 - 보배드림,OK,"ko_semantic_no_overlap,short_anchor",v2_generated,"Engine-oil change timing is a core routine-maintenance task, matching the goal's intent without repeating '정기점검' verbatim.",0.00000000,0.32597480,DRIFT,DRIFT,DRIFT,DRIFT,DRIFT,DRIFT,DRIFT,DRIFT,DRIFT,DRIFT,DRIFT,DRIFT,DRIFT,DRIFT
v2g05-car-maintenance-03,v2g05-car-maintenance,자동차 정기점검,자동차세 연납 신청 방법 - Google 검색,DRIFT,"same_frame_trap,short_anchor",v2_generated,"The title repeats the exact goal phrase but focuses on fines for skipping inspection, not how to perform the check.",0.08247861,0.30556020,DRIFT,DRIFT,DRIFT,DRIFT,DRIFT,DRIFT,OK,DRIFT,DRIFT,DRIFT,DRIFT,DRIFT,DRIFT,DRIFT
v2g05-car-maintenance-04,v2g05-car-maintenance,자동차 정기점검,제네시스 GV80 vs 쏘렌토 하이브리드 비교 시승기,DRIFT,"same_frame_trap,short_anchor",v2_generated,"This shares the car-ownership frame but is a purchase-comparison test-drive article, unrelated to maintaining an owned car.",-0.16495722,0.21368658,DRIFT,DRIFT,DRIFT,DRIFT,DRIFT,DRIFT,DRIFT,DRIFT,DRIFT,DRIFT,DRIFT,DRIFT,DRIFT,DRIFT
v2g05-car-maintenance-05,v2g05-car-maintenance,자동차 정기점검,졸음운전 사고 블랙박스 모음.avi,DRIFT,"short_anchor,short_title",v2_generated,It is a dashcam accident-compilation video with no connection to maintenance scheduling.,0.00000000,0.30334964,DRIFT,DRIFT,DRIFT,DRIFT,DRIFT,DRIFT,DRIFT,DRIFT,DRIFT,DRIFT,DRIFT,DRIFT,DRIFT,DRIFT
v2g06-laptop-battery-01,v2g06-laptop-battery,노트북 배터리 관리,"노트북 배터리 관리 잘하는 법, 80%만 채워라? : 네이버 블로그",OK,"clickbait_ok,lexical_overlap_ok,short_anchor",v2_generated,The title contains the exact goal phrase '노트북 배터리 관리' and addresses the charge-limit tip directly matching the goal.,0.65938047,0.80116274,OK,OK,OK,OK,OK,OK,OK,OK,OK,OK,OK,OK,OK,OK
v2g06-laptop-battery-02,v2g06-laptop-battery,노트북 배터리 관리,How to Maximize Your Laptop Battery Lifespan - Reddit,OK,"cross_lingual,short_anchor",v2_generated,"This English-language advice on extending laptop battery life carries the same intent as the Korean goal, natural for a tech user researching in English.",0.00000000,0.55452017,DRIFT,DRIFT,DRIFT,DRIFT,DRIFT,DRIFT,DRIFT,DRIFT,DRIFT,OK,OK,OK,OK,OK
v2g06-laptop-battery-03,v2g06-laptop-battery,노트북 배터리 관리,노트북 배터리 부풀음 무상교체 후기,DRIFT,"lexical_overlap_trap,short_anchor,short_title",v2_generated,"The title shares '노트북 배터리' verbatim but describes a warranty swelling-battery replacement, not proactive management.",0.46017899,0.65533459,DRIFT,DRIFT,OK,OK,OK,OK,OK,DRIFT,OK,OK,OK,OK,OK,OK
v2g06-laptop-battery-04,v2g06-laptop-battery,노트북 배터리 관리,맥북 프로 M4 vs 에어 M3 실사용 비교,DRIFT,"same_frame_trap,short_anchor",v2_generated,"This shares the laptop-hardware frame but is a purchase-comparison review, unrelated to managing an existing battery.",0.00000000,0.30616881,DRIFT,DRIFT,DRIFT,DRIFT,DRIFT,DRIFT,DRIFT,DRIFT,DRIFT,DRIFT,DRIFT,DRIFT,DRIFT,DRIFT
v2g06-laptop-battery-05,v2g06-laptop-battery,노트북 배터리 관리,가성비 무선이어폰 추천 top5 - 다나와,DRIFT,"short_anchor,short_title",v2_generated,It is an unrelated wireless-earbuds shopping guide that is tech-adjacent but has no connection to laptop battery management.,-0.07905694,0.26459309,DRIFT,DRIFT,DRIFT,DRIFT,DRIFT,DRIFT,DRIFT,DRIFT,DRIFT,DRIFT,DRIFT,DRIFT,DRIFT,DRIFT
v2g07-camping-gear-01,v2g07-camping-gear,캠핑 장비 구매,"캠핑 장비 구매 순서, 초보는 이것부터 사세요 : 네이버 블로그",OK,"clickbait_ok,lexical_overlap_ok,short_anchor",v2_generated,"The title contains the exact goal phrase '캠핑 장비 구매' and gives a beginner buying order, directly on-goal.",0.61237244,0.78750934,OK,OK,OK,OK,OK,OK,OK,OK,OK,OK,OK,OK,OK,OK
v2g07-camping-gear-02,v2g07-camping-gear,캠핑 장비 구매,캠핑 4인용 텐트 추게 - Google 검색,OK,"lexical_overlap_ok,short_anchor,typo_query",v2_generated,"This self-search has a typo ('추게' for '추천') but still targets camping-tent recommendations, matching the goal despite the error.",0.25819889,0.49560663,DRIFT,DRIFT,DRIFT,DRIFT,OK,OK,OK,DRIFT,DRIFT,DRIFT,OK,OK,OK,OK
v2g07-camping-gear-03,v2g07-camping-gear,캠핑 장비 구매,"캠핑장 예약 꿀팁, 성수기 자리 잡는 법",DRIFT,"lexical_overlap_trap,short_anchor",v2_generated,"The title shares '캠핑' but is about reserving a campsite during peak season, not buying gear.",0.36115756,0.48822542,DRIFT,DRIFT,DRIFT,OK,OK,OK,OK,DRIFT,DRIFT,DRIFT,DRIFT,OK,OK,OK
v2g07-camping-gear-04,v2g07-camping-gear,캠핑 장비 구매,"불멍 장작 화로 브이로그, 계곡 옆에서 - YouTube",DRIFT,"same_frame_trap,short_anchor",v2_generated,"This outdoor campfire vlog shares the camping-leisure frame without naming gear purchases, unrelated to buying decisions.",0.00000000,0.24820507,DRIFT,DRIFT,DRIFT,DRIFT,DRIFT,DRIFT,DRIFT,DRIFT,DRIFT,DRIFT,DRIFT,DRIFT,DRIFT,DRIFT
v2g07-camping-gear-05,v2g07-camping-gear,캠핑 장비 구매,다나와 : 가격비교 사이트,DRIFT,"generic_hub,short_anchor,short_title",v2_generated,"This bare price-comparison-site homepage has no specific product context, too generic to indicate camping-gear intent.",0.00000000,0.37162434,DRIFT,DRIFT,DRIFT,DRIFT,DRIFT,DRIFT,DRIFT,DRIFT,DRIFT,DRIFT,DRIFT,DRIFT,DRIFT,DRIFT
v2g08-yoga-mat-01,v2g08-yoga-mat,요가매트 고르기,"요가매트 고르는 법, 두께랑 재질만 보면 끝 : 네이버 블로그",OK,"lexical_overlap_ok,short_anchor",v2_generated,"The title contains the goal's core words '요가매트'/'고르' and explains selection criteria, directly matching the goal.",0.37796447,0.76909536,DRIFT,DRIFT,OK,OK,OK,OK,OK,OK,OK,OK,OK,OK,OK,OK
v2g08-yoga-mat-02,v2g08-yoga-mat,요가매트 고르기,필라테스 시작하는데 매트는 뭘 사야 하나요 - 네이버 지식iN,OK,"ko_semantic_no_overlap,short_anchor",v2_generated,"Asking which exercise mat to buy for Pilates is the same purchase decision as choosing a yoga mat, without repeating '요가매트' verbatim.",0.07273930,0.52768081,DRIFT,DRIFT,DRIFT,DRIFT,DRIFT,DRIFT,OK,DRIFT,DRIFT,DRIFT,OK,OK,OK,OK
v2g08-yoga-mat-03,v2g08-yoga-mat,요가매트 고르기,"요가매트 냄새 제거하는 법, 새 제품 사면 필수",DRIFT,"lexical_overlap_trap,short_anchor",v2_generated,"The title shares '요가매트' verbatim but covers odor removal for an already-purchased mat, not a buying guide.",0.29649973,0.62500835,DRIFT,DRIFT,DRIFT,OK,OK,OK,OK,DRIFT,OK,OK,OK,OK,OK,OK
v2g08-yoga-mat-04,v2g08-yoga-mat,요가매트 고르기,"오늘의 홈트 루틴 공개, 초보자도 가능 - YouTube",DRIFT,"same_frame_trap,short_anchor",v2_generated,"This shares the home-workout frame but is a routine showcase video, not equipment-selection guidance.",0.00000000,0.34059786,DRIFT,DRIFT,DRIFT,DRIFT,DRIFT,DRIFT,DRIFT,DRIFT,DRIFT,DRIFT,DRIFT,DRIFT,DRIFT,DRIFT
v2g08-yoga-mat-05,v2g08-yoga-mat,요가매트 고르기,다이어트 도시락 일주일 식단 후기,DRIFT,"short_anchor,short_title",v2_generated,It is an unrelated diet meal-prep post that is fitness-adjacent but has no connection to mat selection.,0.00000000,0.28469739,DRIFT,DRIFT,DRIFT,DRIFT,DRIFT,DRIFT,DRIFT,DRIFT,DRIFT,DRIFT,DRIFT,DRIFT,DRIFT,DRIFT
v2g09-fall-seafood-01,v2g09-fall-seafood,가을 제철 수산물 추천,가을 제철 수산물 추천 베스트5 : 네이버 블로그,OK,lexical_overlap_ok,v2_generated,Nearly repeats the goal phrase verbatim in a genuine seasonal-seafood recommendation post.,0.77459667,0.89000004,OK,OK,OK,OK,OK,OK,OK,OK,OK,OK,OK,OK,OK,OK
v2g09-fall-seafood-02,v2g09-fall-seafood,가을 제철 수산물 추천,"전어 굴 과메기, 지금 먹어야 맛있는 이유 - 다음 블로그",OK,ko_semantic_no_overlap,v2_generated,"Names specific fall seafood picks and explains why to eat them now, matching the goal's intent without reusing its frame words.",0.04969040,0.36253509,DRIFT,DRIFT,DRIFT,DRIFT,DRIFT,DRIFT,OK,DRIFT,DRIFT,DRIFT,DRIFT,DRIFT,DRIFT,DRIFT
v2g09-fall-seafood-03,v2g09-fall-seafood,가을 제철 수산물 추천,가을 제철 등산코스 추천 TOP10 - 다음 블로그,DRIFT,same_frame_trap,v2_generated,"Shares the '가을...추천' frame with the goal but recommends hiking trails, not seafood.",0.63245553,0.68448718,OK,OK,OK,OK,OK,OK,OK,OK,OK,OK,OK,OK,OK,OK
v2g09-fall-seafood-04,v2g09-fall-seafood,가을 제철 수산물 추천,겨울 제철 수산물 시세 전망 - Google 검색,DRIFT,same_frame_trap,v2_generated,"Reuses '제철 수산물' wording yet is a winter price forecast, not a fall eating recommendation.",0.45184806,0.64520739,DRIFT,DRIFT,OK,OK,OK,OK,OK,DRIFT,OK,OK,OK,OK,OK,OK
v2g09-fall-seafood-05,v2g09-fall-seafood,가을 제철 수산물 추천,수산물 유통업체 채용정보 - 잡코리아,DRIFT,"lexical_overlap_trap,short_title",v2_generated,"Only the single word 수산물 overlaps; this is a job posting, unrelated to seasonal recommendations.",0.20000000,0.45804706,DRIFT,DRIFT,DRIFT,DRIFT,DRIFT,OK,OK,DRIFT,DRIFT,DRIFT,DRIFT,OK,OK,OK
v2g10-gold-price-01,v2g10-gold-price,금 시세 전망,오늘의 국제 금 시세 실시간 차트 : 네이버증권,OK,"lexical_overlap_ok,short_anchor",v2_generated,A live gold price chart directly answering the goal's price-outlook intent.,0.34020691,0.53849296,DRIFT,DRIFT,DRIFT,OK,OK,OK,OK,DRIFT,DRIFT,OK,OK,OK,OK,OK
v2g10-gold-price-02,v2g10-gold-price,금 시세 전망,국제 금값이 계속 오르는 이유 정리 - 다음 블로그,OK,"ko_semantic_no_overlap,short_anchor",v2_generated,"Explains the drivers behind rising gold prices, on-topic without repeating '시세 전망' verbatim.",0.00000000,0.43414451,DRIFT,DRIFT,DRIFT,DRIFT,DRIFT,DRIFT,DRIFT,DRIFT,DRIFT,DRIFT,DRIFT,DRIFT,OK,OK
v2g10-gold-price-03,v2g10-gold-price,금 시세 전망,은 시새 전망 및 투자 전략 - Google 검색,DRIFT,"same_frame_trap,short_anchor,typo_query",v2_generated,"A typo'd query ('시새' for 시세) that shares the '시세 전망' frame but is about silver, not gold.",0.00000000,0.51712824,DRIFT,DRIFT,DRIFT,DRIFT,DRIFT,DRIFT,DRIFT,DRIFT,DRIFT,DRIFT,OK,OK,OK,OK
v2g10-gold-price-04,v2g10-gold-price,금 시세 전망,전세 시세 전망 2024 하반기 : 네이버 블로그,DRIFT,"same_frame_trap,short_anchor",v2_generated,"Reuses '시세 전망' wording but concerns jeonse housing deposits, unrelated to gold.",0.56853524,0.53593721,OK,OK,OK,OK,OK,OK,OK,DRIFT,DRIFT,DRIFT,OK,OK,OK,OK
v2g10-gold-price-05,v2g10-gold-price,금 시세 전망,순금 목걸이 세공 원데이클래스 후기 : 네이버 블로그,DRIFT,"lexical_overlap_trap,short_anchor",v2_generated,"Shares only the material word 금 (gold) but is about a jewelry-making class, not price information.",0.00000000,0.23705976,DRIFT,DRIFT,DRIFT,DRIFT,DRIFT,DRIFT,DRIFT,DRIFT,DRIFT,DRIFT,DRIFT,DRIFT,DRIFT,DRIFT
v2g11-jeju-itinerary-01,v2g11-jeju-itinerary,제주도 여행 일정 짜기,제주도 3박4일 여행 일정표 총정리 : 네이버 블로그,OK,lexical_overlap_ok,v2_generated,A concrete multi-day Jeju itinerary that directly fulfills the goal.,0.51639778,0.71403103,OK,OK,OK,OK,OK,OK,OK,OK,OK,OK,OK,OK,OK,OK
v2g11-jeju-itinerary-02,v2g11-jeju-itinerary,제주도 여행 일정 짜기,제주 서쪽 코스 동선 짜는 법 (렌터카 기준) - 티스토리,OK,ko_semantic_no_overlap,v2_generated,Covers Jeju route-planning logistics relevant to the goal without repeating '여행 일정' verbatim.,0.08856149,0.48466325,DRIFT,DRIFT,DRIFT,DRIFT,DRIFT,DRIFT,OK,DRIFT,DRIFT,DRIFT,DRIFT,OK,OK,OK
v2g11-jeju-itinerary-03,v2g11-jeju-itinerary,제주도 여행 일정 짜기,부산 여행 일정 짜기 2박3일 - 다음 블로그,DRIFT,same_frame_trap,v2_generated,"Shares the '여행 일정 짜기' frame but the destination is Busan, not Jeju.",0.59628479,0.60985602,OK,OK,OK,OK,OK,OK,OK,DRIFT,OK,OK,OK,OK,OK,OK
v2g11-jeju-itinerary-04,v2g11-jeju-itinerary,제주도 여행 일정 짜기,제주도 전입신고 행정 일정 안내 - 제주시청,DRIFT,same_frame_trap,v2_generated,"Shares '제주도...일정' wording but covers residency-registration procedures, not a vacation.",0.43070552,0.54310292,DRIFT,DRIFT,OK,OK,OK,OK,OK,DRIFT,DRIFT,OK,OK,OK,OK,OK
v2g11-jeju-itinerary-05,v2g11-jeju-itinerary,제주도 여행 일정 짜기,제주항공 승무원 채용 일정 - Google 검색,DRIFT,same_frame_trap,v2_generated,"Shares 제주 and 일정 but is about airline hiring timelines, unrelated to trip planning.",0.28867513,0.58117418,DRIFT,DRIFT,DRIFT,OK,OK,OK,OK,DRIFT,DRIFT,OK,OK,OK,OK,OK
v2g12-laptop-gpu-compare-01,v2g12-laptop-gpu-compare,게이밍 노트북 그래픽카드 성능 비교,RTX4060 vs RTX4070 노트북 그래픽카드 성능 비교표 - 퀘이사존,OK,lexical_overlap_ok,v2_generated,"Directly compares laptop GPU models, matching the goal precisely.",0.68476238,0.69010263,OK,OK,OK,OK,OK,OK,OK,OK,OK,OK,OK,OK,OK,OK
v2g12-laptop-gpu-compare-02,v2g12-laptop-gpu-compare,게이밍 노트북 그래픽카드 성능 비교,Laptop GPU benchmarks 2024: which chip should you buy? - Notebookcheck,OK,cross_lingual,v2_generated,"An English benchmark comparison of laptop graphics chips, semantically matching the goal.",0.00000000,0.57520654,DRIFT,DRIFT,DRIFT,DRIFT,DRIFT,DRIFT,DRIFT,DRIFT,DRIFT,OK,OK,OK,OK,OK
v2g12-laptop-gpu-compare-03,v2g12-laptop-gpu-compare,게이밍 노트북 그래픽카드 성능 비교,노트북 CPU 성능 비교 (인텔 vs AMD) - 다나와,DRIFT,same_frame_trap,v2_generated,"Shares the '노트북...성능 비교' frame but compares CPUs, not graphics cards.",0.55068879,0.64783421,OK,OK,OK,OK,OK,OK,OK,DRIFT,OK,OK,OK,OK,OK,OK
v2g12-laptop-gpu-compare-04,v2g12-laptop-gpu-compare,게이밍 노트북 그래픽카드 성능 비교,스마트폰 카메라 성능 비교 2024 - YouTube,DRIFT,same_frame_trap,v2_generated,"Shares the '성능 비교' frame but is about phone cameras, unrelated to laptop GPUs.",0.44513191,0.40992848,DRIFT,DRIFT,OK,OK,OK,OK,OK,DRIFT,DRIFT,DRIFT,DRIFT,DRIFT,DRIFT,OK
v2g12-laptop-gpu-compare-05,v2g12-laptop-gpu-compare,게이밍 노트북 그래픽카드 성능 비교,그래픽카드 채굴 수익 계산기 | 인벤,DRIFT,"lexical_overlap_trap,short_title",v2_generated,"Shares only the word 그래픽카드 but is a crypto-mining profitability calculator, not a performance comparison.",0.25649459,0.53099195,DRIFT,DRIFT,DRIFT,DRIFT,OK,OK,OK,DRIFT,DRIFT,DRIFT,OK,OK,OK,OK
v2g13-disc-exercise-01,v2g13-disc-exercise,허리디스크 운동 추천,"허리디스크, 이 운동 안 하면 평생 고생합니다 - YouTube",OK,"clickbait_ok,lexical_overlap_ok,short_anchor",v2_generated,A clickbait-style YouTube title that still delivers genuine disc-friendly exercise recommendations.,0.49923018,0.68826254,OK,OK,OK,OK,OK,OK,OK,OK,OK,OK,OK,OK,OK,OK
v2g13-disc-exercise-02,v2g13-disc-exercise,허리디스크 운동 추천,디스크 있을 때 코어 강화하는 스트레칭 모음 : 네이버포스트,OK,"ko_semantic_no_overlap,short_anchor",v2_generated,Covers core-strengthening stretches relevant to disc issues without repeating the frame words.,0.24514517,0.53409586,DRIFT,DRIFT,DRIFT,DRIFT,OK,OK,OK,DRIFT,DRIFT,DRIFT,OK,OK,OK,OK
v2g13-disc-exercise-03,v2g13-disc-exercise,허리디스크 운동 추천,목디스크 운동 추천 : 네이버 지식iN,DRIFT,"same_frame_trap,short_anchor,short_title",v2_generated,"A short Q&A title sharing the '디스크 운동 추천' frame but about the neck, not the lower back.",0.61538462,0.75885149,OK,OK,OK,OK,OK,OK,OK,OK,OK,OK,OK,OK,OK,OK
v2g13-disc-exercise-04,v2g13-disc-exercise,허리디스크 운동 추천,허리디스크 명의 추천 병원 순위 - 다음 카페,DRIFT,"same_frame_trap,short_anchor",v2_generated,"Shares '허리디스크...추천' wording but recommends hospitals, not exercises.",0.46352358,0.64648854,DRIFT,DRIFT,OK,OK,OK,OK,OK,DRIFT,OK,OK,OK,OK,OK,OK
v2g13-disc-exercise-05,v2g13-disc-exercise,허리디스크 운동 추천,(1) 홈트레이닝 채널 모음 - YouTube,DRIFT,"generic_hub,short_anchor,short_title",v2_generated,"A broad home-workout channel playlist with no disc-specific focus, too generic to satisfy the goal.",0.00000000,0.37091047,DRIFT,DRIFT,DRIFT,DRIFT,DRIFT,DRIFT,DRIFT,DRIFT,DRIFT,DRIFT,DRIFT,DRIFT,DRIFT,DRIFT
v2g14-passport-reissue-01,v2g14-passport-reissue,여권 재발급 예약,여권 재발급 방문예약 하는 법 (정부24) : 네이버 블로그,OK,"lexical_overlap_ok,short_anchor",v2_generated,"Directly explains booking the passport-reissue appointment, matching the goal exactly.",0.53218116,0.78156346,OK,OK,OK,OK,OK,OK,OK,OK,OK,OK,OK,OK,OK,OK
v2g14-passport-reissue-02,v2g14-passport-reissue,여권 재발급 예약,여권 유효기간 얼마 안남았을 때 준비서류 총정리 - 티스토리,OK,"ko_semantic_no_overlap,short_anchor",v2_generated,"Covers documents needed when a passport is expiring soon, relevant to reissuing without repeating the frame words.",0.22019275,0.50203297,DRIFT,DRIFT,DRIFT,DRIFT,OK,OK,OK,DRIFT,DRIFT,DRIFT,OK,OK,OK,OK
v2g14-passport-reissue-03,v2g14-passport-reissue,여권 재발급 예약,운전면허 갱신 예약 방법 - 도로교통공단,DRIFT,"same_frame_trap,short_anchor,short_title",v2_generated,"Shares the renewal/예약 frame but concerns driver's license renewal, not passports.",0.25712974,0.45414565,DRIFT,DRIFT,DRIFT,DRIFT,OK,OK,OK,DRIFT,DRIFT,DRIFT,DRIFT,OK,OK,OK
v2g14-passport-reissue-04,v2g14-passport-reissue,여권 재발급 예약,여권 사진관 촬영 예약 할인 이벤트 - 카카오톡채널,DRIFT,"same_frame_trap,short_anchor",v2_generated,"Shares '여권...예약' wording but is a photo-studio promotion, not the government reissue appointment.",0.47304992,0.58167811,DRIFT,DRIFT,OK,OK,OK,OK,OK,DRIFT,DRIFT,OK,OK,OK,OK,OK
v2g14-passport-reissue-05,v2g14-passport-reissue,여권 재발급 예약,출입국사무소 비자 연장 예약 후기 : 네이버 카페,DRIFT,"same_frame_trap,short_anchor",v2_generated,"Shares the 예약 frame around immigration but is about visa extension, a different administrative process than passport reissue.",0.22395700,0.52899168,DRIFT,DRIFT,DRIFT,DRIFT,OK,OK,OK,DRIFT,DRIFT,DRIFT,OK,OK,OK,OK
v2g15-iphone-upgrade-timing-01,v2g15-iphone-upgrade-timing,아이폰 교체 시기,아이폰 배터리 효율 80% 이하면 교체 시기 : 네이버 블로그,OK,"lexical_overlap_ok,short_anchor",v2_generated,"Directly discusses the battery-health threshold signaling iPhone replacement time, matching the goal.",0.69290233,0.69394499,OK,OK,OK,OK,OK,OK,OK,OK,OK,OK,OK,OK,OK,OK
v2g15-iphone-upgrade-timing-02,v2g15-iphone-upgrade-timing,아이폰 교체 시기,When should you actually upgrade your iPhone? - The Verge,OK,"cross_lingual,short_anchor",v2_generated,"An English tech article on iPhone upgrade timing, semantically matching the goal.",0.00000000,0.57324549,DRIFT,DRIFT,DRIFT,DRIFT,DRIFT,DRIFT,DRIFT,DRIFT,DRIFT,OK,OK,OK,OK,OK
v2g15-iphone-upgrade-timing-03,v2g15-iphone-upgrade-timing,아이폰 교체 시기,갤럭시 교체 시기 신호 5가지 - YouTube,DRIFT,"same_frame_trap,short_anchor",v2_generated,"Shares the '교체 시기' frame but is about Samsung Galaxy phones, not iPhones.",0.62254302,0.59105704,OK,OK,OK,OK,OK,OK,OK,DRIFT,DRIFT,OK,OK,OK,OK,OK
v2g15-iphone-upgrade-timing-04,v2g15-iphone-upgrade-timing,아이폰 교체 시기,타이어 교채 시기 확인하는 법 - Google 검색,DRIFT,"same_frame_trap,short_anchor,typo_query",v2_generated,"A typo'd query ('교채' for 교체) that shares the '교체 시기' frame but concerns car tires, unrelated to phones.",0.26318068,0.33686858,DRIFT,DRIFT,DRIFT,DRIFT,OK,OK,OK,DRIFT,DRIFT,DRIFT,DRIFT,DRIFT,DRIFT,DRIFT
v2g15-iphone-upgrade-timing-05,v2g15-iphone-upgrade-timing,아이폰 교체 시기,아이폰 케이스 할인 쿠폰 모음 - 쿠팡,DRIFT,"lexical_overlap_trap,short_anchor",v2_generated,"Shares only the word 아이폰 but is a discount-coupon listing for phone cases, unrelated to replacement timing.",0.19284730,0.43879030,DRIFT,DRIFT,DRIFT,DRIFT,DRIFT,OK,OK,DRIFT,DRIFT,DRIFT,DRIFT,DRIFT,OK,OK
v2g16-savings-rate-compare-01,v2g16-savings-rate-compare,적금 예금 금리 비교,2024 은행별 적금 예금 금리 비교표 : 네이버페이,OK,lexical_overlap_ok,v2_generated,"A direct rate-comparison table across banks for savings and deposit products, matching the goal exactly.",0.71443451,0.70726410,OK,OK,OK,OK,OK,OK,OK,OK,OK,OK,OK,OK,OK,OK
v2g16-savings-rate-compare-02,v2g16-savings-rate-compare,적금 예금 금리 비교,적금이랑 예금 뭐가 더 유리할까? 초보자 정리 - 브런치,OK,ko_semantic_no_overlap,v2_generated,"Explains which product is more advantageous for beginners, on-topic without repeating '금리 비교' verbatim.",0.28867513,0.76686595,DRIFT,DRIFT,DRIFT,OK,OK,OK,OK,OK,OK,OK,OK,OK,OK,OK
v2g16-savings-rate-compare-03,v2g16-savings-rate-compare,적금 예금 금리 비교,신용카드 혜택 비교 추천 순위 - 나무위키,DRIFT,same_frame_trap,v2_generated,"Shares the '비교 추천' frame but covers credit-card benefits, not savings or deposit interest rates.",0.20412415,0.41770530,DRIFT,DRIFT,DRIFT,DRIFT,OK,OK,OK,DRIFT,DRIFT,DRIFT,DRIFT,DRIFT,DRIFT,OK
v2g16-savings-rate-compare-04,v2g16-savings-rate-compare,적금 예금 금리 비교,아파트 전세 대출 금리 비교 2024 - Google 검색,DRIFT,same_frame_trap,v2_generated,"Shares '금리 비교' wording but is about jeonse loan rates, not savings/deposit products.",0.40000000,0.42719748,DRIFT,DRIFT,OK,OK,OK,OK,OK,DRIFT,DRIFT,DRIFT,DRIFT,DRIFT,DRIFT,OK
v2g16-savings-rate-compare-05,v2g16-savings-rate-compare,적금 예금 금리 비교,보험 상품 비교 사이트 모음 : 네이버 카페,DRIFT,generic_hub,v2_generated,"A generic hub listing insurance comparison sites, only loosely related via the 비교 frame, not savings interest rates.",0.19611614,0.31542025,DRIFT,DRIFT,DRIFT,DRIFT,DRIFT,OK,OK,DRIFT,DRIFT,DRIFT,DRIFT,DRIFT,DRIFT,DRIFT
v2g17-ts-generics-01,v2g17-ts-generics,타입스크립트 제네릭,How to constrain a generic type to keyof another type in TypeScript? - Stack Overflow,OK,"cross_lingual,lexical_overlap_ok,short_anchor",v2_generated,English Stack Overflow question directly matches the TypeScript generics-constraint problem with shared technical terms.,0.00000000,0.32258761,DRIFT,DRIFT,DRIFT,DRIFT,DRIFT,DRIFT,DRIFT,DRIFT,DRIFT,DRIFT,DRIFT,DRIFT,DRIFT,DRIFT
v2g17-ts-generics-02,v2g17-ts-generics,타입스크립트 제네릭,제네릭이 도대체 왜 필요한 걸까? (feat. 타입 추론) : 네이버 블로그,OK,"clickbait_ok,lexical_overlap_ok,short_anchor",v2_generated,Korean blog post uses a rhetorical hook but still directly explains TypeScript generics and type inference.,0.29462783,0.70040792,DRIFT,DRIFT,DRIFT,OK,OK,OK,OK,OK,OK,OK,OK,OK,OK,OK
v2g17-ts-generics-03,v2g17-ts-generics,타입스크립트 제네릭,Java Generics and Wildcards Explained (Full Guide) - YouTube,DRIFT,"cross_lingual,lexical_overlap_trap,short_anchor",v2_generated,"Shares the word 'generics' but teaches Java generics, not TypeScript, a classic keyword-overlap lure.",-0.11785113,0.37576573,DRIFT,DRIFT,DRIFT,DRIFT,DRIFT,DRIFT,DRIFT,DRIFT,DRIFT,DRIFT,DRIFT,DRIFT,DRIFT,DRIFT
v2g17-ts-generics-04,v2g17-ts-generics,타입스크립트 제네릭,next.config.js: Module Federation setup guide — Next.js Docs,DRIFT,"same_frame_trap,short_anchor",v2_generated,"Same JavaScript/TypeScript tooling frame the user is browsing in, but unrelated to generics specifically.",-0.08908708,0.29329203,DRIFT,DRIFT,DRIFT,DRIFT,DRIFT,DRIFT,DRIFT,DRIFT,DRIFT,DRIFT,DRIFT,DRIFT,DRIFT,DRIFT
v2g17-ts-generics-05,v2g17-ts-generics,타입스크립트 제네릭,새 탭,DRIFT,"generic_hub,short_anchor,short_title",v2_generated,"An empty new-tab page carries no topical signal at all, a common inert distractor.",0.00000000,0.33305339,DRIFT,DRIFT,DRIFT,DRIFT,DRIFT,DRIFT,DRIFT,DRIFT,DRIFT,DRIFT,DRIFT,DRIFT,DRIFT,DRIFT
v2g18-elden-ring-mods-01,v2g18-elden-ring-mods,엘든링 모드 설치,Elden Ring Mod Engine keeps crashing on launch · Issue #742 · techiew/modengine2,OK,"cross_lingual,lexical_overlap_ok,short_anchor",v2_generated,GitHub issue thread matches the exact Elden Ring mod-engine install/crash problem in the goal.,-0.17407766,0.51106202,DRIFT,DRIFT,DRIFT,DRIFT,DRIFT,DRIFT,DRIFT,DRIFT,DRIFT,DRIFT,OK,OK,OK,OK
v2g18-elden-ring-mods-02,v2g18-elden-ring-mods,엘든링 모드 설치,엘든링 모드 설치 총정리 (모드엔진2+넥서스모드) : 네이버 블로그,OK,"lexical_overlap_ok,short_anchor",v2_generated,Korean step-by-step guide directly covers installing Elden Ring mods as the goal states.,0.65327458,0.81976936,OK,OK,OK,OK,OK,OK,OK,OK,OK,OK,OK,OK,OK,OK
v2g18-elden-ring-mods-03,v2g18-elden-ring-mods,엘든링 모드 설치,skyrim moded crashes on startup fix - Google 검색,DRIFT,"cross_lingual,same_frame_trap,short_anchor,typo_query",v2_generated,"Same modding-crash search frame with a typo'd query, but it's about Skyrim, not Elden Ring.",0.00000000,0.39756195,DRIFT,DRIFT,DRIFT,DRIFT,DRIFT,DRIFT,DRIFT,DRIFT,DRIFT,DRIFT,DRIFT,DRIFT,DRIFT,OK
v2g18-elden-ring-mods-04,v2g18-elden-ring-mods,엘든링 모드 설치,"r/Eldenring - Just beat Malenia after 47 attempts, I'm crying",DRIFT,"lexical_overlap_trap,short_anchor",v2_generated,"Shares the Elden Ring subreddit and game name but is a boss-fight brag, not a mod-install topic.",0.00000000,0.36003590,DRIFT,DRIFT,DRIFT,DRIFT,DRIFT,DRIFT,DRIFT,DRIFT,DRIFT,DRIFT,DRIFT,DRIFT,DRIFT,DRIFT
v2g18-elden-ring-mods-05,v2g18-elden-ring-mods,엘든링 모드 설치,쿠팡 - 로켓배송 특가 모니터암,DRIFT,"short_anchor,short_title",v2_generated,Unrelated shopping tab with no connection to Elden Ring modding.,0.00000000,0.25767044,DRIFT,DRIFT,DRIFT,DRIFT,DRIFT,DRIFT,DRIFT,DRIFT,DRIFT,DRIFT,DRIFT,DRIFT,DRIFT,DRIFT
v2g19-paper-implementation-01,v2g19-paper-implementation,딥러닝 논문 구현,Is there an official PyTorch implementation of this paper? · Discussion #58 · lucidrains/vit-pytorch,OK,"cross_lingual,short_anchor",v2_generated,GitHub discussion is exactly about finding and using a paper's PyTorch implementation.,0.00000000,0.46170778,DRIFT,DRIFT,DRIFT,DRIFT,DRIFT,DRIFT,DRIFT,DRIFT,DRIFT,DRIFT,DRIFT,OK,OK,OK
v2g19-paper-implementation-02,v2g19-paper-implementation,딥러닝 논문 구현,논문 구현 스터디 3주차 - Attention Is All You Need 코드 리뷰 : 네이버 블로그,OK,"lexical_overlap_ok,short_anchor",v2_generated,"Korean study-group post walks through implementing a deep learning paper's code, matching the goal.",0.56505793,0.52364197,OK,OK,OK,OK,OK,OK,OK,DRIFT,DRIFT,DRIFT,OK,OK,OK,OK
v2g19-paper-implementation-03,v2g19-paper-implementation,딥러닝 논문 구현,Papers With Code,DRIFT,"generic_hub,short_anchor,short_title",v2_generated,"Just the bare homepage of a papers/code index site, with no specific paper or implementation open.",0.00000000,0.34474801,DRIFT,DRIFT,DRIFT,DRIFT,DRIFT,DRIFT,DRIFT,DRIFT,DRIFT,DRIFT,DRIFT,DRIFT,DRIFT,DRIFT
v2g19-paper-implementation-04,v2g19-paper-implementation,딥러닝 논문 구현,How to write a strong Related Work section - Reddit r/MachineLearning,DRIFT,"cross_lingual,same_frame_trap,short_anchor",v2_generated,"Same academic ML-paper frame but about writing papers, not implementing one in code.",0.00000000,0.33604418,DRIFT,DRIFT,DRIFT,DRIFT,DRIFT,DRIFT,DRIFT,DRIFT,DRIFT,DRIFT,DRIFT,DRIFT,DRIFT,DRIFT
v2g19-paper-implementation-05,v2g19-paper-implementation,딥러닝 논문 구현,(1) Gmail,DRIFT,"generic_hub,short_anchor,short_title",v2_generated,"A bare inbox tab with an unread-count badge, carrying no connection to the research goal.",0.00000000,0.23530943,DRIFT,DRIFT,DRIFT,DRIFT,DRIFT,DRIFT,DRIFT,DRIFT,DRIFT,DRIFT,DRIFT,DRIFT,DRIFT,DRIFT
v2g20-gpu-temp-01,v2g20-gpu-temp,그래픽카드 온도 정상 범위,Is 80C hotspot temp normal for an RTX 4070 under load? - r/buildapc,OK,cross_lingual,v2_generated,Reddit thread directly discusses whether a GPU's load temperature is within the normal range.,0.06726728,0.54362314,DRIFT,DRIFT,DRIFT,DRIFT,DRIFT,DRIFT,OK,DRIFT,DRIFT,OK,OK,OK,OK,OK
v2g20-gpu-temp-02,v2g20-gpu-temp,그래픽카드 온도 정상 범위,그래픽카드 정상 온도 범위 총정리 (아이들/로드시) : 네이버 블로그,OK,lexical_overlap_ok,v2_generated,"Korean blog post lists normal idle and load GPU temperature ranges, matching the goal exactly.",0.77919372,0.85052908,OK,OK,OK,OK,OK,OK,OK,OK,OK,OK,OK,OK,OK,OK
v2g20-gpu-temp-03,v2g20-gpu-temp,그래픽카드 온도 정상 범위,"CPU idle temps seem high, is this normal? - r/buildapc",DRIFT,"cross_lingual,lexical_overlap_trap,same_frame_trap",v2_generated,"Same 'is this temp normal' question frame and forum, but about CPU temperatures, not GPU.",0.00000000,0.55181934,DRIFT,DRIFT,DRIFT,DRIFT,DRIFT,DRIFT,DRIFT,DRIFT,DRIFT,OK,OK,OK,OK,OK
v2g20-gpu-temp-04,v2g20-gpu-temp,그래픽카드 온도 정상 범위,RTX 4070 vs RTX 4070 Super benchmark comparison - YouTube,DRIFT,"cross_lingual,lexical_overlap_trap",v2_generated,"Shares the exact GPU model name but is a performance benchmark video, not a temperature question.",0.00000000,0.37647482,DRIFT,DRIFT,DRIFT,DRIFT,DRIFT,DRIFT,DRIFT,DRIFT,DRIFT,DRIFT,DRIFT,DRIFT,DRIFT,DRIFT
v2g20-gpu-temp-05,v2g20-gpu-temp,그래픽카드 온도 정상 범위,다나와 - PC부품 최저가 비교,DRIFT,"generic_hub,short_title",v2_generated,"A generic price-comparison shopping hub, not specific to GPU temperature information.",0.00000000,0.36101433,DRIFT,DRIFT,DRIFT,DRIFT,DRIFT,DRIFT,DRIFT,DRIFT,DRIFT,DRIFT,DRIFT,DRIFT,DRIFT,DRIFT
v2g21-portugal-travel-01,v2g21-portugal-travel,포르투갈 여행 준비,"Portugal in 10 Days: The Perfect Itinerary (Lisbon, Porto, Algarve) - YouTube",OK,"clickbait_ok,cross_lingual,short_anchor",v2_generated,English travel-vlog itinerary video covers exactly the Portugal trip planning the goal needs.,0.00000000,0.48148864,DRIFT,DRIFT,DRIFT,DRIFT,DRIFT,DRIFT,DRIFT,DRIFT,DRIFT,DRIFT,DRIFT,OK,OK,OK
v2g21-portugal-travel-02,v2g21-portugal-travel,포르투갈 여행 준비,"포르투갈 여행 준비물 체크리스트 (유심, 환전, 콘센트) : 네이버 블로그",OK,"lexical_overlap_ok,short_anchor",v2_generated,Korean checklist post for Portugal trip prep matches the goal's wording directly.,0.50251891,0.69040482,OK,OK,OK,OK,OK,OK,OK,OK,OK,OK,OK,OK,OK,OK
v2g21-portugal-travel-03,v2g21-portugal-travel,포르투갈 여행 준비,Is it safe to travel solo in Spain right now? - r/solotravel,DRIFT,"cross_lingual,same_frame_trap,short_anchor",v2_generated,"Same Iberian-peninsula solo-travel-planning frame and subreddit, but about Spain, not Portugal.",0.00000000,0.45957121,DRIFT,DRIFT,DRIFT,DRIFT,DRIFT,DRIFT,DRIFT,DRIFT,DRIFT,DRIFT,DRIFT,OK,OK,OK
v2g21-portugal-travel-04,v2g21-portugal-travel,포르투갈 여행 준비,Portugal vs Spain: which passport is stronger for visa-free travel? - Reddit,DRIFT,"cross_lingual,lexical_overlap_trap,short_anchor",v2_generated,"Mentions Portugal but is about passport and visa policy trivia, unrelated to trip preparation.",0.00000000,0.47784824,DRIFT,DRIFT,DRIFT,DRIFT,DRIFT,DRIFT,DRIFT,DRIFT,DRIFT,DRIFT,DRIFT,OK,OK,OK
v2g21-portugal-travel-05,v2g21-portugal-travel,포르투갈 여행 준비,인스타그램,DRIFT,"generic_hub,short_anchor,short_title",v2_generated,"Just a social-media tab left open, unrelated to travel planning.",-0.25819889,0.22575170,DRIFT,DRIFT,DRIFT,DRIFT,DRIFT,DRIFT,DRIFT,DRIFT,DRIFT,DRIFT,DRIFT,DRIFT,DRIFT,DRIFT
v2g22-boardgame-rules-01,v2g22-boardgame-rules,보드게임 룰 번역,Official rules clarification thread for Gloomhaven (FAQ + Errata) - BoardGameGeek,OK,"cross_lingual,lexical_overlap_ok,short_anchor",v2_generated,BGG forum thread is the canonical source for clarifying and translating board game rules the goal seeks.,0.00000000,0.48952107,DRIFT,DRIFT,DRIFT,DRIFT,DRIFT,DRIFT,DRIFT,DRIFT,DRIFT,DRIFT,OK,OK,OK,OK
v2g22-boardgame-rules-02,v2g22-boardgame-rules,보드게임 룰 번역,글룸헤이븐 룰북 번역 총정리 (오역 수정본) : 네이버 블로그,OK,"lexical_overlap_ok,short_anchor",v2_generated,Korean post specifically compiling a translated and corrected rulebook matches the goal directly.,0.24759378,0.57745300,DRIFT,DRIFT,DRIFT,DRIFT,OK,OK,OK,DRIFT,DRIFT,OK,OK,OK,OK,OK
v2g22-boardgame-rules-03,v2g22-boardgame-rules,보드게임 룰 번역,Gloomhaven vs Frosthaven: which should you buy first? - YouTube,DRIFT,"cross_lingual,lexical_overlap_trap,short_anchor",v2_generated,"Same board game franchise but a buying-guide comparison, not a rules-translation topic.",0.00000000,0.29059698,DRIFT,DRIFT,DRIFT,DRIFT,DRIFT,DRIFT,DRIFT,DRIFT,DRIFT,DRIFT,DRIFT,DRIFT,DRIFT,DRIFT
v2g22-boardgame-rules-04,v2g22-boardgame-rules,보드게임 룰 번역,r/boardgames - Unpopular opinion: Wingspan is overrated,DRIFT,"cross_lingual,same_frame_trap,short_anchor",v2_generated,"Same board-game community frame but an opinion thread, not about rules or translation.",0.00000000,0.42361722,DRIFT,DRIFT,DRIFT,DRIFT,DRIFT,DRIFT,DRIFT,DRIFT,DRIFT,DRIFT,DRIFT,DRIFT,DRIFT,OK
v2g22-boardgame-rules-05,v2g22-boardgame-rules,보드게임 룰 번역,쿠팡플레이 - 오늘의 추천 영화,DRIFT,"generic_hub,short_anchor,short_title",v2_generated,Streaming service homepage tab with no relation to board game rules.,-0.15713484,0.26166382,DRIFT,DRIFT,DRIFT,DRIFT,DRIFT,DRIFT,DRIFT,DRIFT,DRIFT,DRIFT,DRIFT,DRIFT,DRIFT,DRIFT
v2g23-git-rebase-01,v2g23-git-rebase,깃 리베이스 충돌,How do I resolve merge conflicts during a git rebase? - Stack Overflow,OK,"cross_lingual,lexical_overlap_ok,short_anchor",v2_generated,Canonical Stack Overflow question matches the exact git rebase conflict-resolution problem.,0.00000000,0.45726393,DRIFT,DRIFT,DRIFT,DRIFT,DRIFT,DRIFT,DRIFT,DRIFT,DRIFT,DRIFT,DRIFT,OK,OK,OK
v2g23-git-rebase-02,v2g23-git-rebase,깃 리베이스 충돌,깃 리베이스 충돌 해결하는 방법 (rebase --continue/--abort) : 네이버 블로그,OK,"lexical_overlap_ok,short_anchor",v2_generated,"Korean tutorial walks through resolving rebase conflicts, matching the goal precisely.",0.58834841,0.79349161,OK,OK,OK,OK,OK,OK,OK,OK,OK,OK,OK,OK,OK,OK
v2g23-git-rebase-03,v2g23-git-rebase,깃 리베이스 충돌,git merge vs rebase: which one should your team use? - dev.to,DRIFT,"cross_lingual,lexical_overlap_trap,short_anchor",v2_generated,"Shares 'git' and 'rebase' vocabulary but is a workflow-philosophy debate, not conflict resolution steps.",0.00000000,0.41197572,DRIFT,DRIFT,DRIFT,DRIFT,DRIFT,DRIFT,DRIFT,DRIFT,DRIFT,DRIFT,DRIFT,DRIFT,DRIFT,OK
v2g23-git-rebase-04,v2g23-git-rebase,깃 리베이스 충돌,Rebase and force-push keeps failing on protected branch · Issue #219 · cli/cli,DRIFT,"cross_lingual,same_frame_trap,short_anchor",v2_generated,"Same git-rebase troubleshooting frame but about a protected-branch push failure, not a merge conflict.",0.00000000,0.36109699,DRIFT,DRIFT,DRIFT,DRIFT,DRIFT,DRIFT,DRIFT,DRIFT,DRIFT,DRIFT,DRIFT,DRIFT,DRIFT,DRIFT
v2g23-git-rebase-05,v2g23-git-rebase,깃 리베이스 충돌,tortoisesvn conflict resovle tutorial - Google 검색,DRIFT,"lexical_overlap_trap,short_anchor,typo_query",v2_generated,"Typo'd search about resolving conflicts in a different version-control tool (SVN), not git rebase.",0.00000000,0.42936659,DRIFT,DRIFT,DRIFT,DRIFT,DRIFT,DRIFT,DRIFT,DRIFT,DRIFT,DRIFT,DRIFT,DRIFT,DRIFT,OK
v2g24-minecraft-modpack-01,v2g24-minecraft-modpack,마인크래프트 모드팩 설치,"CurseForge modpack won't launch after install, stuck on black screen · Issue #4821 · modpack-launcher/curse-launcher",OK,"cross_lingual,lexical_overlap_ok,short_anchor",v2_generated,GitHub issue directly matches a Minecraft modpack installation and launch failure like the goal describes.,0.00000000,0.44290043,DRIFT,DRIFT,DRIFT,DRIFT,DRIFT,DRIFT,DRIFT,DRIFT,DRIFT,DRIFT,DRIFT,OK,OK,OK
v2g24-minecraft-modpack-02,v2g24-minecraft-modpack,마인크래프트 모드팩 설치,포지(Forge)로 마인크래프트에 커스텀 콘텐츠 넣는 법 (초보자용) : 네이버 블로그,OK,"ko_semantic_no_overlap,short_anchor",v2_generated,"Describes adding custom content via Forge without using the words '모드팩' or '설치', requiring semantic rather than keyword matching.",0.04891160,0.49609409,DRIFT,DRIFT,DRIFT,DRIFT,DRIFT,DRIFT,OK,DRIFT,DRIFT,DRIFT,OK,OK,OK,OK
v2g24-minecraft-modpack-03,v2g24-minecraft-modpack,마인크래프트 모드팩 설치,Minecraft Forge vs Fabric: which mod loader should you use in 2024? - YouTube,DRIFT,"cross_lingual,lexical_overlap_trap,short_anchor",v2_generated,"Shares modding vocabulary but compares mod loaders in general, not modpack install steps.",0.00000000,0.40936483,DRIFT,DRIFT,DRIFT,DRIFT,DRIFT,DRIFT,DRIFT,DRIFT,DRIFT,DRIFT,DRIFT,DRIFT,DRIFT,OK
v2g24-minecraft-modpack-04,v2g24-minecraft-modpack,마인크래프트 모드팩 설치,"r/feedthebeast - All the Mods 10 server keeps crashing, need help",DRIFT,"cross_lingual,same_frame_trap,short_anchor",v2_generated,"Same modded-Minecraft community frame but about a multiplayer server crash, not a local install.",0.00000000,0.40321694,DRIFT,DRIFT,DRIFT,DRIFT,DRIFT,DRIFT,DRIFT,DRIFT,DRIFT,DRIFT,DRIFT,DRIFT,DRIFT,OK
v2g24-minecraft-modpack-05,v2g24-minecraft-modpack,마인크래프트 모드팩 설치,네이버페이 - 이번달 명세서,DRIFT,"short_anchor,short_title",v2_generated,Unrelated payment and billing tab with no connection to Minecraft modding.,-0.27272727,0.22283717,DRIFT,DRIFT,DRIFT,DRIFT,DRIFT,DRIFT,DRIFT,DRIFT,DRIFT,DRIFT,DRIFT,DRIFT,DRIFT,DRIFT
v2g25-galbijjim-01,v2g25-galbijjim,갈비찜 만들기,My Korean Mother-in-Law's Secret to Fall-Apart Braised Ribs - YouTube,OK,"clickbait_ok,cross_lingual,short_anchor",v2_generated,"English clickbait recipe video about the exact dish, but cross-script and never says galbi-jjim, so lexical surface signal against the Korean anchor is near zero.",0.00000000,0.37135631,DRIFT,DRIFT,DRIFT,DRIFT,DRIFT,DRIFT,DRIFT,DRIFT,DRIFT,DRIFT,DRIFT,DRIFT,DRIFT,DRIFT
v2g25-galbijjim-02,v2g25-galbijjim,갈비찜 만들기,"갈비찜 황금비율 양념장, 계량스푼으로 실패 없이 : 네이버 블로그",OK,"lexical_overlap_ok,short_anchor",v2_generated,Straightforward seasoning-ratio recipe post that names 갈비찜 directly.,0.07216878,0.67550783,DRIFT,DRIFT,DRIFT,DRIFT,DRIFT,DRIFT,OK,OK,OK,OK,OK,OK,OK,OK
v2g25-galbijjim-03,v2g25-galbijjim,갈비찜 만들기,"수원 3대 왕갈비 맛집 웨이팅 후기, 주차 꿀팁까지 : 네이버 블로그",DRIFT,"lexical_overlap_trap,short_anchor",v2_generated,"Shares the 갈비 token so it looks closer than the oblique English OK, but it is restaurant touring, not cooking the dish.",0.13245324,0.38589589,DRIFT,DRIFT,DRIFT,DRIFT,DRIFT,DRIFT,OK,DRIFT,DRIFT,DRIFT,DRIFT,DRIFT,DRIFT,DRIFT
v2g25-galbijjim-04,v2g25-galbijjim,갈비찜 만들기,"원팬 크림파스타 10분 완성, 설거지 없는 저녁 - YouTube",DRIFT,"same_frame_trap,short_anchor",v2_generated,"Same home-cooking recipe frame but an unrelated dish, the classic adjacent-recipe rabbit hole.",0.00000000,0.32125795,DRIFT,DRIFT,DRIFT,DRIFT,DRIFT,DRIFT,DRIFT,DRIFT,DRIFT,DRIFT,DRIFT,DRIFT,DRIFT,DRIFT
v2g25-galbijjim-05,v2g25-galbijjim,갈비찜 만들기,제주 항공권 특가 뜨는 시간대 총정리 : 네이버 블로그,DRIFT,short_anchor,v2_generated,Travel deal hunting with no connection to cooking.,0.00000000,0.17646923,DRIFT,DRIFT,DRIFT,DRIFT,DRIFT,DRIFT,DRIFT,DRIFT,DRIFT,DRIFT,DRIFT,DRIFT,DRIFT,DRIFT
v2g26-beginner-running-01,v2g26-beginner-running,러닝 입문,"무릎 다 나가고 후회하지 마세요, 처음 뛰는 분들 딱 3가지만 지키세요 - YouTube",OK,"clickbait_ok,short_anchor",v2_generated,"Warning-style beginner running-form video that never uses 러닝 or 달리기, leaving only 무릎 and 뛰는 as weak cues.",0.00000000,0.24444554,DRIFT,DRIFT,DRIFT,DRIFT,DRIFT,DRIFT,DRIFT,DRIFT,DRIFT,DRIFT,DRIFT,DRIFT,DRIFT,DRIFT
v2g26-beginner-running-02,v2g26-beginner-running,러닝 입문,"숨 안 차고 오래 달리는 호흡법, 처음 시작하는 분들께 : 네이버 블로그",OK,"ko_semantic_no_overlap,short_anchor",v2_generated,"On-goal breathing guide phrased with 달리는 instead of the anchor token 러닝, so it matches semantically without lexical overlap.",0.00000000,0.22650330,DRIFT,DRIFT,DRIFT,DRIFT,DRIFT,DRIFT,DRIFT,DRIFT,DRIFT,DRIFT,DRIFT,DRIFT,DRIFT,DRIFT
v2g26-beginner-running-03,v2g26-beginner-running,러닝 입문,"러닝타임 3시간인데 순삭, 올여름 최고의 영화 후기 : 네이버 블로그",DRIFT,"lexical_overlap_trap,short_anchor",v2_generated,"러닝타임 contains the anchor token 러닝 verbatim so it looks lexically closer than both OKs, yet it is a movie review.",0.12309149,0.38017467,DRIFT,DRIFT,DRIFT,DRIFT,DRIFT,DRIFT,OK,DRIFT,DRIFT,DRIFT,DRIFT,DRIFT,DRIFT,DRIFT
v2g26-beginner-running-04,v2g26-beginner-running,러닝 입문,"헬스 초보 3분할 루틴 완벽 정리, 입문자 필독 : 네이버 블로그",DRIFT,"same_frame_trap,short_anchor",v2_generated,"Fitness frame plus the shared 입문 token, but weight-training programming is a different activity from starting to run.",0.11785113,0.48740732,DRIFT,DRIFT,DRIFT,DRIFT,DRIFT,DRIFT,OK,DRIFT,DRIFT,DRIFT,DRIFT,OK,OK,OK
v2g26-beginner-running-05,v2g26-beginner-running,러닝 입문,자취생 곰팡이 제거 꿀팁 총정리 - 오늘의집,DRIFT,short_anchor,v2_generated,Household cleaning content unrelated to fitness.,0.00000000,0.24992676,DRIFT,DRIFT,DRIFT,DRIFT,DRIFT,DRIFT,DRIFT,DRIFT,DRIFT,DRIFT,DRIFT,DRIFT,DRIFT,DRIFT
v2g27-cat-food-01,v2g27-cat-food,고양이 사료 고르기,"집사라면 뒷면 성분표부터 확인하세요, 이 단어 있으면 바로 거르세요 - YouTube",OK,"clickbait_ok,short_anchor",v2_generated,"Warning-style feed-label video that says neither 고양이 nor 사료, relying on the cat-owner slang 집사 and 성분표 as the only cues.",-0.05198752,0.22972460,DRIFT,DRIFT,DRIFT,DRIFT,DRIFT,DRIFT,DRIFT,DRIFT,DRIFT,DRIFT,DRIFT,DRIFT,DRIFT,DRIFT
v2g27-cat-food-02,v2g27-cat-food,고양이 사료 고르기,습식 vs 건식 사료 뭐가 좋을까? 수의사가 알려드립니다 : 네이버 블로그,OK,"lexical_overlap_ok,short_anchor",v2_generated,Direct wet-versus-dry food comparison that names 사료 and clearly serves the choosing goal.,0.37962830,0.50126666,DRIFT,DRIFT,OK,OK,OK,OK,OK,DRIFT,DRIFT,DRIFT,OK,OK,OK,OK
v2g27-cat-food-03,v2g27-cat-food,고양이 사료 고르기,"고양이 화장실 모래 추천 베스트 5, 먼지 없는 두부모래 - YouTube",DRIFT,"same_frame_trap,short_anchor",v2_generated,"Same cat-care frame and even shares the 고양이 token, so it scores closer than the oblique OK, but litter is not food.",0.12171612,0.39202390,DRIFT,DRIFT,DRIFT,DRIFT,DRIFT,DRIFT,OK,DRIFT,DRIFT,DRIFT,DRIFT,DRIFT,DRIFT,OK
v2g27-cat-food-04,v2g27-cat-food,고양이 사료 고르기,"강아지 사료 급여량 계산기, 체중별 정리 : 네이버 블로그",DRIFT,"lexical_overlap_trap,short_anchor",v2_generated,"Contains the anchor token 사료 but is about dogs, the wrong species for this goal.",0.28867513,0.57140027,DRIFT,DRIFT,DRIFT,OK,OK,OK,OK,DRIFT,DRIFT,OK,OK,OK,OK,OK
v2g27-cat-food-05,v2g27-cat-food,고양이 사료 고르기,"에어컨 전기세 아끼는 법, 제습 모드의 진실 - 클리앙",DRIFT,short_anchor,v2_generated,Utility-bill tips with no relation to pets.,0.00000000,0.19542031,DRIFT,DRIFT,DRIFT,DRIFT,DRIFT,DRIFT,DRIFT,DRIFT,DRIFT,DRIFT,DRIFT,DRIFT,DRIFT,DRIFT
v2g28-balcony-lettuce-01,v2g28-balcony-lettuce,베란다 상추 키우기,"이제 마트에서 쌈채소 안 삽니다, 화분 하나로 무한리필 하는 법 - YouTube",OK,"clickbait_ok,short_anchor",v2_generated,"Money-saving hook for growing lettuce at home that avoids every anchor token, using 쌈채소 and 화분 as oblique cues.",0.00000000,0.23584598,DRIFT,DRIFT,DRIFT,DRIFT,DRIFT,DRIFT,DRIFT,DRIFT,DRIFT,DRIFT,DRIFT,DRIFT,DRIFT,DRIFT
v2g28-balcony-lettuce-02,v2g28-balcony-lettuce,베란다 상추 키우기,"상추 모종 심고 2주차 기록, 물주기 간격 정리 : 네이버 블로그",OK,"lexical_overlap_ok,short_anchor",v2_generated,"Grow-diary post that names 상추 and covers watering, squarely on the goal.",0.21081851,0.43856423,DRIFT,DRIFT,DRIFT,DRIFT,OK,OK,OK,DRIFT,DRIFT,DRIFT,DRIFT,DRIFT,OK,OK
v2g28-balcony-lettuce-03,v2g28-balcony-lettuce,베란다 상추 키우기,"광주 원조 상추튀김 골목 먹방, 상추에 싸 먹는 튀김 후기 - YouTube",DRIFT,"lexical_overlap_trap,short_anchor",v2_generated,"Says 상추 twice so it looks lexically closer than the oblique OK, but it is street-food touring, not gardening.",0.19289713,0.46660529,DRIFT,DRIFT,DRIFT,DRIFT,DRIFT,OK,OK,DRIFT,DRIFT,DRIFT,DRIFT,OK,OK,OK
v2g28-balcony-lettuce-04,v2g28-balcony-lettuce,베란다 상추 키우기,몬스테라 무늬종 가격이 이렇게 됐다고? 요즘 식테크 근황 - YouTube,DRIFT,"same_frame_trap,short_anchor",v2_generated,"Houseplant frame overlaps with balcony growing, but plant-flipping investment is a different pursuit from raising lettuce to eat.",0.00000000,0.29457224,DRIFT,DRIFT,DRIFT,DRIFT,DRIFT,DRIFT,DRIFT,DRIFT,DRIFT,DRIFT,DRIFT,DRIFT,DRIFT,DRIFT
v2g28-balcony-lettuce-05,v2g28-balcony-lettuce,베란다 상추 키우기,다음 Daum,DRIFT,"generic_hub,short_anchor,short_title",v2_generated,Bare portal homepage tab that carries zero topical evidence for the gardening goal.,0.00000000,0.19863633,DRIFT,DRIFT,DRIFT,DRIFT,DRIFT,DRIFT,DRIFT,DRIFT,DRIFT,DRIFT,DRIFT,DRIFT,DRIFT,DRIFT
v2g29-diy-oil-change-01,v2g29-diy-oil-change,엔진오일 셀프 교환,STOP Paying for Oil Changes! 10-Minute DIY Even Beginners Can Do - YouTube,OK,"clickbait_ok,cross_lingual,short_anchor",v2_generated,"English clickbait DIY video on exactly this job, and the cross-script title shares no surface tokens with the Korean anchor.",0.00000000,0.45812139,DRIFT,DRIFT,DRIFT,DRIFT,DRIFT,DRIFT,DRIFT,DRIFT,DRIFT,DRIFT,DRIFT,OK,OK,OK
v2g29-diy-oil-change-02,v2g29-diy-oil-change,엔진오일 셀프 교환,"엔진오일 셀프 교환 준비물 총정리, 폐유 처리까지 : 네이버 블로그",OK,"lexical_overlap_ok,short_anchor",v2_generated,Checklist post that restates the anchor almost verbatim.,0.57735027,0.77604227,OK,OK,OK,OK,OK,OK,OK,OK,OK,OK,OK,OK,OK,OK
v2g29-diy-oil-change-03,v2g29-diy-oil-change,엔진오일 셀프 교환,중고차 볼 때 엔진오일 상태로 사고차 거르는 법 - 보배드림,DRIFT,"lexical_overlap_trap,short_anchor",v2_generated,"Contains 엔진오일 so it looks closer than the English OK, but it is a used-car inspection guide, not doing an oil change.",0.23094011,0.55024229,DRIFT,DRIFT,DRIFT,DRIFT,OK,OK,OK,DRIFT,DRIFT,OK,OK,OK,OK,OK
v2g29-diy-oil-change-04,v2g29-diy-oil-change,엔진오일 셀프 교환,"셀프세차 입문 준비물, 버킷 2개로 시작하는 손세차 - YouTube",DRIFT,"same_frame_trap,short_anchor",v2_generated,"Same DIY car-care frame and shares the 셀프 token, yet washing the car is a different task from changing oil.",-0.15811388,0.38394397,DRIFT,DRIFT,DRIFT,DRIFT,DRIFT,DRIFT,DRIFT,DRIFT,DRIFT,DRIFT,DRIFT,DRIFT,DRIFT,DRIFT
v2g29-diy-oil-change-05,v2g29-diy-oil-change,엔진오일 셀프 교환,"OTT 요금제 또 인상, 계정 공유 단속 정리 - 클리앙",DRIFT,short_anchor,v2_generated,Streaming price news unrelated to car maintenance.,0.00000000,0.25955507,DRIFT,DRIFT,DRIFT,DRIFT,DRIFT,DRIFT,DRIFT,DRIFT,DRIFT,DRIFT,DRIFT,DRIFT,DRIFT,DRIFT
v2g30-parking-account-01,v2g30-parking-account,파킹통장 금리 비교,"월급 받자마자 이렇게 하세요, 하루만 맡겨도 이자가 붙습니다 - YouTube",OK,"clickbait_ok,short_anchor",v2_generated,"Finance-channel teaser that is exactly about parking accounts but avoids 파킹, 통장, 금리, leaving 이자 as the only weak cue.",-0.05455447,0.22091285,DRIFT,DRIFT,DRIFT,DRIFT,DRIFT,DRIFT,DRIFT,DRIFT,DRIFT,DRIFT,DRIFT,DRIFT,DRIFT,DRIFT
v2g30-parking-account-02,v2g30-parking-account,파킹통장 금리 비교,"7월 파킹통장 금리 TOP 5, 저축은행 포함 총정리 : 네이버 블로그",OK,"lexical_overlap_ok,short_anchor",v2_generated,Monthly rate-ranking post that matches the anchor almost token for token.,0.41478068,0.64093007,DRIFT,DRIFT,OK,OK,OK,OK,OK,DRIFT,OK,OK,OK,OK,OK,OK
v2g30-parking-account-03,v2g30-parking-account,파킹통장 금리 비교,"백화점 발레파킹 갑질 논란, 차주가 올린 블박 영상 - 보배드림",DRIFT,"lexical_overlap_trap,short_anchor",v2_generated,"발레파킹 contains the anchor token 파킹 verbatim so it looks lexically closer than the oblique OK, but it is a valet-parking dispute post.",-0.04682929,0.33305935,DRIFT,DRIFT,DRIFT,DRIFT,DRIFT,DRIFT,DRIFT,DRIFT,DRIFT,DRIFT,DRIFT,DRIFT,DRIFT,DRIFT
v2g30-parking-account-04,v2g30-parking-account,파킹통장 금리 비교,주택청약 25만원 상향 얹제부터 - Google 검색,DRIFT,"same_frame_trap,short_anchor,typo_query",v2_generated,"Typo'd search (얹제 for 언제) in the same personal-finance frame, but housing-subscription savings is a different product from parking accounts.",0.00000000,0.32881056,DRIFT,DRIFT,DRIFT,DRIFT,DRIFT,DRIFT,DRIFT,DRIFT,DRIFT,DRIFT,DRIFT,DRIFT,DRIFT,DRIFT
v2g30-parking-account-05,v2g30-parking-account,파킹통장 금리 비교,"여름 보양식 초계국수 레시피, 10분 완성 - 82쿡",DRIFT,short_anchor,v2_generated,Cooking content with no link to banking.,0.00000000,0.10058760,DRIFT,DRIFT,DRIFT,DRIFT,DRIFT,DRIFT,DRIFT,DRIFT,DRIFT,DRIFT,DRIFT,DRIFT,DRIFT,DRIFT
v2g31-it-cert-selfstudy-01,v2g31-it-cert-selfstudy,정보처리기사 독학,"비전공자 정처기 두 달 합격, 학원 없이 기출만 돌린 방법 - YouTube",OK,"clickbait_ok,short_anchor",v2_generated,"Pass-story video about self-studying this exact cert that never names it, so only 비전공자 and 기출 hint at the exam-prep goal.",0.00000000,0.25385287,DRIFT,DRIFT,DRIFT,DRIFT,DRIFT,DRIFT,DRIFT,DRIFT,DRIFT,DRIFT,DRIFT,DRIFT,DRIFT,DRIFT
v2g31-it-cert-selfstudy-02,v2g31-it-cert-selfstudy,정보처리기사 독학,정보처리기사 실기 독핰 후기 - Google 검색,OK,"lexical_overlap_ok,short_anchor,typo_query",v2_generated,Search query with a slipped final consonant (독핰 for 독학) that still lexically anchors on the cert name.,0.39562828,0.75565950,DRIFT,DRIFT,OK,OK,OK,OK,OK,OK,OK,OK,OK,OK,OK,OK
v2g31-it-cert-selfstudy-03,v2g31-it-cert-selfstudy,정보처리기사 독학,"컴활 1급 독학 3주 완성 후기, 엑셀 함수 정리 : 네이버 블로그",DRIFT,"same_frame_trap,short_anchor",v2_generated,"Cert-self-study frame plus the shared 독학 token make it look closer than the oblique OK, but 컴활 is a different certificate.",0.18650096,0.45633566,DRIFT,DRIFT,DRIFT,DRIFT,DRIFT,OK,OK,DRIFT,DRIFT,DRIFT,DRIFT,OK,OK,OK
v2g31-it-cert-selfstudy-04,v2g31-it-cert-selfstudy,정보처리기사 독학,(1) 밈맛집TV - YouTube,DRIFT,"generic_hub,short_anchor,short_title",v2_generated,"Bare channel-home tab of an entertainment channel, a classic procrastination tab with no study signal.",0.00000000,0.19688756,DRIFT,DRIFT,DRIFT,DRIFT,DRIFT,DRIFT,DRIFT,DRIFT,DRIFT,DRIFT,DRIFT,DRIFT,DRIFT,DRIFT
v2g31-it-cert-selfstudy-05,v2g31-it-cert-selfstudy,정보처리기사 독학,"국내 뚜벅이 여행 코스 추천, 기차로 떠나는 1박 2일 : 네이버 블로그",DRIFT,short_anchor,v2_generated,Travel planning unrelated to exam study.,0.20254787,0.12750998,DRIFT,DRIFT,DRIFT,DRIFT,DRIFT,OK,OK,DRIFT,DRIFT,DRIFT,DRIFT,DRIFT,DRIFT,DRIFT
v2g32-maesil-syrup-01,v2g32-maesil-syrup,매실청 담그기,"아무 설탕이나 쓰지 마세요, 100일 뒤에 후회합니다 - YouTube",OK,"clickbait_ok,short_anchor",v2_generated,"Warning-style video on sugar choice for maesil syrup that never says 매실, leaving 설탕 and the 100-day aging hint as weak cues.",0.00000000,0.29286386,DRIFT,DRIFT,DRIFT,DRIFT,DRIFT,DRIFT,DRIFT,DRIFT,DRIFT,DRIFT,DRIFT,DRIFT,DRIFT,DRIFT
v2g32-maesil-syrup-02,v2g32-maesil-syrup,매실청 담그기,"청매실 10kg 꼭지 따고 소독하는 법, 유리병 열탕 소독까지 : 네이버 블로그",OK,"lexical_overlap_ok,short_anchor",v2_generated,Prep-work walkthrough that names 청매실 and covers the exact first steps of the goal.,0.00000000,0.44679182,DRIFT,DRIFT,DRIFT,DRIFT,DRIFT,DRIFT,DRIFT,DRIFT,DRIFT,DRIFT,DRIFT,OK,OK,OK
v2g32-maesil-syrup-03,v2g32-maesil-syrup,매실청 담그기,"광양 매실 축제 먹거리 총정리, 아이랑 가볼 만한 곳 : 네이버 블로그",DRIFT,"lexical_overlap_trap,short_anchor",v2_generated,"Shares the 매실 token so it looks closer than the oblique OK, but it is festival travel content, not making syrup.",0.06454972,0.42812555,DRIFT,DRIFT,DRIFT,DRIFT,DRIFT,DRIFT,OK,DRIFT,DRIFT,DRIFT,DRIFT,DRIFT,DRIFT,OK
v2g32-maesil-syrup-04,v2g32-maesil-syrup,매실청 담그기,"오이지 무르지 않게 담그는 법, 국산 천일염 고르기 - 82쿡",DRIFT,"same_frame_trap,short_anchor",v2_generated,"Same seasonal-preserving frame and shares the 담그기 verb, but pickling cucumbers is a different project.",-0.07856742,0.41118457,DRIFT,DRIFT,DRIFT,DRIFT,DRIFT,DRIFT,DRIFT,DRIFT,DRIFT,DRIFT,DRIFT,DRIFT,DRIFT,OK
v2g32-maesil-syrup-05,v2g32-maesil-syrup,매실청 담그기,아이폰 배터리 갑자기 뚝뚝 떨어질 때 확인할 것 - 클리앙,DRIFT,short_anchor,v2_generated,Phone troubleshooting with no relation to preserving fruit.,0.00000000,0.14143315,DRIFT,DRIFT,DRIFT,DRIFT,DRIFT,DRIFT,DRIFT,DRIFT,DRIFT,DRIFT,DRIFT,DRIFT,DRIFT,DRIFT
v2g33-hwangeup-01,v2g33-hwangeup,환급,미환급금 통합조회 서비스 - Google 검색,OK,"lexical_overlap_ok,short_anchor,short_title",v2_generated,A direct search for the government's unified unclaimed-refund lookup service matches the refund-hunting goal with full lexical overlap.,0.26726124,0.52892552,DRIFT,DRIFT,DRIFT,OK,OK,OK,OK,DRIFT,DRIFT,DRIFT,OK,OK,OK,OK
v2g33-hwangeup-02,v2g33-hwangeup,환급,내 돈 찾아줘! 안 찾아간 국민연금·세금 총정리 : 네이버 블로그,OK,"clickbait_ok,ko_semantic_no_overlap,short_anchor",v2_generated,A clickbait-style roundup of unclaimed pension and tax money is semantically on-goal even though the title never uses the word 환급 itself.,0.20412415,0.26214913,DRIFT,DRIFT,DRIFT,DRIFT,OK,OK,OK,DRIFT,DRIFT,DRIFT,DRIFT,DRIFT,DRIFT,DRIFT
v2g33-hwangeup-03,v2g33-hwangeup,환급,쿠팡 반품하고 환불 언제 되나요 - 지식iN,DRIFT,"same_frame_trap,short_anchor",v2_generated,"환불 (retail purchase refund) shares the 'getting money back' frame with 환급 but is a different process: returning an online order, not reclaiming overpaid government fees.",0.00000000,0.27932616,DRIFT,DRIFT,DRIFT,DRIFT,DRIFT,DRIFT,DRIFT,DRIFT,DRIFT,DRIFT,DRIFT,DRIFT,DRIFT,DRIFT
v2g33-hwangeup-04,v2g33-hwangeup,환급,환급형 vs 소멸성 보험료 차이 완벽정리 : 네이버 블로그,DRIFT,"lexical_overlap_trap,short_anchor",v2_generated,"환급 appears literally inside 환급형, but the page is insurance-product marketing, not a tool for claiming money already owed to the user.",0.20412415,0.47114066,DRIFT,DRIFT,DRIFT,DRIFT,OK,OK,OK,DRIFT,DRIFT,DRIFT,DRIFT,OK,OK,OK
v2g33-hwangeup-05,v2g33-hwangeup,환급,(1) 이번주 등산모임 공지 - Daum 카페,DRIFT,short_anchor,v2_generated,An unread hiking-club notice is unrelated background browsing with no connection to hunting for unclaimed refund money.,0.00000000,0.19434630,DRIFT,DRIFT,DRIFT,DRIFT,DRIFT,DRIFT,DRIFT,DRIFT,DRIFT,DRIFT,DRIFT,DRIFT,DRIFT,DRIFT
v2g34-isa-01,v2g34-isa,이사,전입신고 - 정부24,OK,"ko_semantic_no_overlap,short_anchor,short_title",v2_generated,"The government portal page for reporting a new address is the mandatory administrative follow-up to moving, semantically on-goal without literally containing the word 이사.",0.00000000,0.22671046,DRIFT,DRIFT,DRIFT,DRIFT,DRIFT,DRIFT,DRIFT,DRIFT,DRIFT,DRIFT,DRIFT,DRIFT,DRIFT,DRIFT
v2g34-isa-02,v2g34-isa,이사,이삿날 놓치기 쉬운 전입신고·확정일자 총정리 : 네이버 블로그,OK,"clickbait_ok,lexical_overlap_ok,short_anchor",v2_generated,"이사 appears as the root of 이삿날 (moving day), and this clickbait-style checklist genuinely covers the address paperwork that follows a move.",0.00000000,0.35949404,DRIFT,DRIFT,DRIFT,DRIFT,DRIFT,DRIFT,DRIFT,DRIFT,DRIFT,DRIFT,DRIFT,DRIFT,DRIFT,DRIFT
v2g34-isa-03,v2g34-isa,이사,사외이사 선임 공시 의무 안내 - 한국거래소,DRIFT,"lexical_overlap_trap,short_anchor",v2_generated,"This 이사 means corporate 'outside director,' an entirely different sense of the same word than the moving-house meaning the user is pursuing.",0.20000000,0.32930092,DRIFT,DRIFT,DRIFT,DRIFT,DRIFT,OK,OK,DRIFT,DRIFT,DRIFT,DRIFT,DRIFT,DRIFT,DRIFT
v2g34-isa-04,v2g34-isa,이사,이사회 안건 상정 절차 - 나무위키,DRIFT,"lexical_overlap_trap,short_anchor,short_title",v2_generated,"이사회 (board of directors) again exploits the corporate-governance sense of 이사, unrelated to relocating homes.",0.22941573,0.46638544,DRIFT,DRIFT,DRIFT,DRIFT,OK,OK,OK,DRIFT,DRIFT,DRIFT,DRIFT,OK,OK,OK
v2g34-isa-05,v2g34-isa,이사,요즘 뜨는 인테리어 소품 10가지 : 네이버 블로그,DRIFT,short_anchor,v2_generated,A generic interior-decor listicle is home-adjacent but doesn't address any actual task in the moving process itself.,0.00000000,0.17716673,DRIFT,DRIFT,DRIFT,DRIFT,DRIFT,DRIFT,DRIFT,DRIFT,DRIFT,DRIFT,DRIFT,DRIFT,DRIFT,DRIFT
v2g35-baeksin-01,v2g35-baeksin,백신,예방접종도우미 우리아이 접종일정 조회 | 질병관리청,OK,"ko_semantic_no_overlap,short_anchor,short_title",v2_generated,The official government immunization-schedule lookup portal is the canonical destination for a vaccine-schedule goal.,0.00000000,0.33502216,DRIFT,DRIFT,DRIFT,DRIFT,DRIFT,DRIFT,DRIFT,DRIFT,DRIFT,DRIFT,DRIFT,DRIFT,DRIFT,DRIFT
v2g35-baeksin-02,v2g35-baeksin,백신,돌 지난 아기 필수주사 순서 정리했어요 : 네이버 블로그,OK,"ko_semantic_no_overlap,short_anchor",v2_generated,A parenting blog about a baby's 'essential shots' addresses vaccination timing without using the word 백신 itself.,0.00000000,0.14029963,DRIFT,DRIFT,DRIFT,DRIFT,DRIFT,DRIFT,DRIFT,DRIFT,DRIFT,DRIFT,DRIFT,DRIFT,DRIFT,DRIFT
v2g35-baeksin-03,v2g35-baeksin,백신,백선 부작용 궁금해요 - 지식iN,DRIFT,"lexical_overlap_trap,short_anchor,short_title,typo_query",v2_generated,"Likely a fat-fingered typo of 백신, but 백선 is itself a real word for ringworm, a skin fungal infection, so the page drifts into dermatology.",0.00000000,0.30901121,DRIFT,DRIFT,DRIFT,DRIFT,DRIFT,DRIFT,DRIFT,DRIFT,DRIFT,DRIFT,DRIFT,DRIFT,DRIFT,DRIFT
v2g35-baeksin-04,v2g35-baeksin,백신,PC 백신 프로그램 추천 무료 - Google 검색,DRIFT,"lexical_overlap_trap,short_anchor",v2_generated,"Here 백신 means 'antivirus software,' the well-known computing homonym of the medical vaccine sense.",0.42640143,0.54151095,DRIFT,DRIFT,OK,OK,OK,OK,OK,DRIFT,DRIFT,OK,OK,OK,OK,OK
v2g35-baeksin-05,v2g35-baeksin,백신,요즘 볼만한 넷플릭스 신작 추천 - 왓챠피디아,DRIFT,short_anchor,v2_generated,A streaming-recommendation tab is pure unrelated browsing with no tie to either sense of 백신.,0.00000000,0.20109149,DRIFT,DRIFT,DRIFT,DRIFT,DRIFT,DRIFT,DRIFT,DRIFT,DRIFT,DRIFT,DRIFT,DRIFT,DRIFT,DRIFT
v2g36-visa-01,v2g36-visa,비자,베트남 전자비자 신청방법 및 필요서류 - Google 검색,OK,"lexical_overlap_ok,short_anchor",v2_generated,A direct search for how to apply for an e-visa sits squarely inside the travel-visa goal.,0.20851441,0.39705734,DRIFT,DRIFT,DRIFT,DRIFT,OK,OK,OK,DRIFT,DRIFT,DRIFT,DRIFT,DRIFT,DRIFT,OK
v2g36-visa-02,v2g36-visa,비자,Korea Visa Types and Application Guide - Embassy of the Republic of Korea,OK,"cross_lingual,ko_semantic_no_overlap,short_anchor",v2_generated,"An English-language embassy page explaining visa categories is exactly what a visa applicant would open, even without Korean-script overlap in this tab.",0.00000000,0.18540735,DRIFT,DRIFT,DRIFT,DRIFT,DRIFT,DRIFT,DRIFT,DRIFT,DRIFT,DRIFT,DRIFT,DRIFT,DRIFT,DRIFT
v2g36-visa-03,v2g36-visa,비자,비자카드 vs 마스터카드 해외결제 수수료 비교 - 네이버 블로그,DRIFT,"lexical_overlap_trap,short_anchor",v2_generated,"비자 here names the VISA payment-card network, a different meaning entirely from the travel-permit sense the user is researching.",0.18569534,0.43420454,DRIFT,DRIFT,DRIFT,DRIFT,DRIFT,OK,OK,DRIFT,DRIFT,DRIFT,DRIFT,DRIFT,OK,OK
v2g36-visa-04,v2g36-visa,비자,신한카드 비자 신규 발급 이벤트 - 신한카드,DRIFT,"lexical_overlap_trap,short_anchor",v2_generated,"Another instance of 비자 as the card brand, promoting a credit-card signup rather than travel documentation.",0.35921060,0.48348808,DRIFT,DRIFT,DRIFT,OK,OK,OK,OK,DRIFT,DRIFT,DRIFT,DRIFT,OK,OK,OK
v2g36-visa-05,v2g36-visa,비자,환승 여행 짐싸기 준비물 체크리스트 : 네이버 블로그,DRIFT,"same_frame_trap,short_anchor",v2_generated,A general travel-packing list shares the trip-preparation frame but never touches the actual visa-application task.,0.00000000,0.20624029,DRIFT,DRIFT,DRIFT,DRIFT,DRIFT,DRIFT,DRIFT,DRIFT,DRIFT,DRIFT,DRIFT,DRIFT,DRIFT,DRIFT
v2g37-multtae-01,v2g37-multtae,물때,오늘의 물때 - 바다타임 조석예보,OK,"lexical_overlap_ok,short_anchor,short_title",v2_generated,A tide-forecast app titled with 물때 is the direct tool checked before a fishing or shellfish-gathering trip.,0.51639778,0.59683255,OK,OK,OK,OK,OK,OK,OK,DRIFT,OK,OK,OK,OK,OK,OK
v2g37-multtae-02,v2g37-multtae,물때,사리 조금 뜻 알아야 갯벌체험 시간 안 놓쳐요 : 네이버 블로그,OK,"ko_semantic_no_overlap,short_anchor",v2_generated,"Explains the tidal-cycle terms needed to time a mudflat outing, semantically on-goal without repeating the word 물때.",0.00000000,0.32245117,DRIFT,DRIFT,DRIFT,DRIFT,DRIFT,DRIFT,DRIFT,DRIFT,DRIFT,DRIFT,DRIFT,DRIFT,DRIFT,DRIFT
v2g37-multtae-03,v2g37-multtae,물때,세면대 물때 제거 베이킹소다 활용법 - 네이버 블로그,DRIFT,"lexical_overlap_trap,short_anchor",v2_generated,"Same word 물때, but the household-cleaning sense — limescale/grime in a sink — not tide scheduling.",0.43643578,0.42927591,DRIFT,DRIFT,OK,OK,OK,OK,OK,DRIFT,DRIFT,DRIFT,DRIFT,DRIFT,DRIFT,OK
v2g37-multtae-04,v2g37-multtae,물때,세탁기 통세척 물때 제거 : 네이버 통합검색,DRIFT,"lexical_overlap_trap,short_anchor",v2_generated,"Continues the 'water grime' homonym in a washing-machine context, unrelated to tide times.",0.43643578,0.43384503,DRIFT,DRIFT,OK,OK,OK,OK,OK,DRIFT,DRIFT,DRIFT,DRIFT,DRIFT,DRIFT,OK
v2g37-multtae-05,v2g37-multtae,물때,Google,DRIFT,"generic_hub,short_anchor,short_title",v2_generated,A bare single-word portal homepage carries no signal toward either sense of 물때 — generic idle browsing.,0.00000000,0.27688448,DRIFT,DRIFT,DRIFT,DRIFT,DRIFT,DRIFT,DRIFT,DRIFT,DRIFT,DRIFT,DRIFT,DRIFT,DRIFT,DRIFT
v2g38-deunggi-01,v2g38-deunggi,등기,등기우편 배달조회 - 인터넷우체국,OK,"lexical_overlap_ok,short_anchor,short_title",v2_generated,"The Korea Post consumer portal homepage is a fitting general starting point for tracking a registered-mail item, even without 등기 appearing in this tab title.",0.50000000,0.45438321,OK,OK,OK,OK,OK,OK,OK,DRIFT,DRIFT,DRIFT,DRIFT,OK,OK,OK
v2g38-deunggi-02,v2g38-deunggi,등기,내용증명 보낼 때 등기로 발송해야 하는 이유 : 네이버 블로그,OK,"lexical_overlap_ok,short_anchor",v2_generated,"Explains why certified-content mail must be sent as registered mail, directly relevant to the registered-mail goal.",0.17677670,0.50772365,DRIFT,DRIFT,DRIFT,DRIFT,DRIFT,OK,OK,DRIFT,DRIFT,DRIFT,OK,OK,OK,OK
v2g38-deunggi-03,v2g38-deunggi,등기,등기부등본 인터넷 발급 방법 - 대법원 인터넷등기소,DRIFT,"lexical_overlap_trap,short_anchor",v2_generated,This 등기 is the real-estate title-registration sense — issuing a property registry extract — a different administrative process from tracking mailed parcels.,0.20851441,0.41070670,DRIFT,DRIFT,DRIFT,DRIFT,OK,OK,OK,DRIFT,DRIFT,DRIFT,DRIFT,DRIFT,DRIFT,OK
v2g38-deunggi-04,v2g38-deunggi,등기,전세 계약 전 등기부등본 필수 확인 항목 - 티스토리,DRIFT,"lexical_overlap_trap,short_anchor",v2_generated,"Continues the property-registration meaning of 등기 in a lease-review context, unrelated to postal tracking.",0.00000000,0.37254352,DRIFT,DRIFT,DRIFT,DRIFT,DRIFT,DRIFT,DRIFT,DRIFT,DRIFT,DRIFT,DRIFT,DRIFT,DRIFT,DRIFT
v2g38-deunggi-05,v2g38-deunggi,등기,택배 파업으로 배송 지연 안내 - 쿠팡,DRIFT,"same_frame_trap,short_anchor",v2_generated,"Shares the general 'waiting on a delivery' frame but concerns courier parcels, not registered postal mail specifically.",0.00000000,0.09530857,DRIFT,DRIFT,DRIFT,DRIFT,DRIFT,DRIFT,DRIFT,DRIFT,DRIFT,DRIFT,DRIFT,DRIFT,DRIFT,DRIFT
v2g39-iwol-01,v2g39-iwol,이월,연차 이월 가능한가요? 근로기준법 기준 정리 - Google 검색,OK,"lexical_overlap_ok,short_anchor",v2_generated,A direct search on whether unused annual leave legally carries over matches the HR goal exactly.,0.33806170,0.45094503,DRIFT,DRIFT,DRIFT,OK,OK,OK,OK,DRIFT,DRIFT,DRIFT,DRIFT,OK,OK,OK
v2g39-iwol-02,v2g39-iwol,이월,"못 쓴 휴가, 내년으로 넘길 수 있을까? : 네이버 블로그",OK,"clickbait_ok,ko_semantic_no_overlap,short_anchor",v2_generated,Asks the same leave-carryover question in plain conversational phrasing without using the word 이월 itself.,0.00000000,0.29214920,DRIFT,DRIFT,DRIFT,DRIFT,DRIFT,DRIFT,DRIFT,DRIFT,DRIFT,DRIFT,DRIFT,DRIFT,DRIFT,DRIFT
v2g39-iwol-03,v2g39-iwol,이월,이월상품 최대 70% 세일 - 무신사,DRIFT,"lexical_overlap_trap,short_anchor,short_title",v2_generated,"이월 here means 'carried-over season stock' in a retail clearance sale, a completely different domain from leave-carryover policy.",0.25000000,0.47252157,DRIFT,DRIFT,DRIFT,DRIFT,OK,OK,OK,DRIFT,DRIFT,DRIFT,DRIFT,OK,OK,OK
v2g39-iwol-04,v2g39-iwol,이월,작년 이월재고 땡처리 모음전 - 지마켓,DRIFT,"lexical_overlap_trap,short_anchor,short_title",v2_generated,"Another retail-clearance use of 이월, reinforcing the shopping-discount sense rather than HR leave rules.",0.24253563,0.41403730,DRIFT,DRIFT,DRIFT,DRIFT,OK,OK,OK,DRIFT,DRIFT,DRIFT,DRIFT,DRIFT,DRIFT,OK
v2g39-iwol-05,v2g39-iwol,이월,당근마켓,DRIFT,"short_anchor,short_title",v2_generated,A bare secondhand-marketplace app tab reflects idle unrelated browsing with no connection to annual-leave carryover rules.,0.00000000,0.24315460,DRIFT,DRIFT,DRIFT,DRIFT,DRIFT,DRIFT,DRIFT,DRIFT,DRIFT,DRIFT,DRIFT,DRIFT,DRIFT,DRIFT
v2g40-yeonmaljeongsan-01,v2g40-yeonmaljeongsan,연말정산,연말정산간소화 서비스 | 홈택스,OK,"lexical_overlap_ok,short_anchor,short_title",v2_generated,The official simplified year-end-settlement document portal is the exact tool the goal requires.,0.41602515,0.57261990,DRIFT,DRIFT,OK,OK,OK,OK,OK,DRIFT,DRIFT,OK,OK,OK,OK,OK
v2g40-yeonmaljeongsan-02,v2g40-yeonmaljeongsan,연말정산,Year-End Tax Settlement in Korea: A Guide for Foreign Employees - Life in Korea Blog,OK,"cross_lingual,ko_semantic_no_overlap,short_anchor",v2_generated,An English-language expat guide to Korea's year-end tax settlement serves the same goal for a non-Korean-reading employee.,0.00000000,0.33664457,DRIFT,DRIFT,DRIFT,DRIFT,DRIFT,DRIFT,DRIFT,DRIFT,DRIFT,DRIFT,DRIFT,DRIFT,DRIFT,DRIFT
v2g40-yeonmaljeongsan-03,v2g40-yeonmaljeongsan,연말정산,종합소득세 신고기간 및 신고방법 안내 - 국세청,DRIFT,"same_frame_trap,short_anchor",v2_generated,"Same tax-authority filing frame, but comprehensive income-tax filing applies to self-employed filers, not the salaried year-end settlement process.",-0.20851441,0.29200349,DRIFT,DRIFT,DRIFT,DRIFT,DRIFT,DRIFT,DRIFT,DRIFT,DRIFT,DRIFT,DRIFT,DRIFT,DRIFT,DRIFT
v2g40-yeonmaljeongsan-04,v2g40-yeonmaljeongsan,연말정산,모임 회비 정산 엑셀 템플릿 무료 다운 - 네이버 블로그,DRIFT,"lexical_overlap_trap,short_anchor",v2_generated,"Reuses the 정산 ('settling accounts') morpheme from 연말정산 in a casual group-expense-splitting context, unrelated to statutory tax settlement.",0.08703883,0.37269635,DRIFT,DRIFT,DRIFT,DRIFT,DRIFT,DRIFT,OK,DRIFT,DRIFT,DRIFT,DRIFT,DRIFT,DRIFT,DRIFT
v2g40-yeonmaljeongsan-05,v2g40-yeonmaljeongsan,연말정산,13월의 보너스라던데 연봉 실수령액 계산기 - 사람인,DRIFT,"same_frame_trap,short_anchor",v2_generated,A take-home-pay calculator sits in the adjacent payroll-finance frame but doesn't help complete the actual tax-settlement filing.,0.10660036,0.39266879,DRIFT,DRIFT,DRIFT,DRIFT,DRIFT,DRIFT,OK,DRIFT,DRIFT,DRIFT,DRIFT,DRIFT,DRIFT,OK
